<COLLADA xmlns="http://www.collada.org/2005/11/COLLADASchema" version="1.4.1">
  <asset>
    <created>2026-01-11T00:27:36.885333</created>
    <modified>2026-01-11T00:27:36.885338</modified>
    <up_axis>Y_UP</up_axis>
  </asset>
  <library_effects>
    <effect id="17700c2e317a42dbbf36a59666ba870a" name="17700c2e317a42dbbf36a59666ba870a">
      <profile_COMMON>
        <technique sid="common">
          <phong>
            <emission>
              <color>0.0 0.0 0.0 1.0</color>
            </emission>
            <ambient>
              <color>0.0 0.0 0.0 1.0</color>
            </ambient>
            <diffuse>
              <color>0.0 0.0 0.0 1.0</color>
            </diffuse>
            <specular>
              <color>0.0 0.0 0.0 1.0</color>
            </specular>
            <shininess>
              <float>0.0</float>
            </shininess>
            <reflective>
              <color>0.0 0.0 0.0 1.0</color>
            </reflective>
            <reflectivity>
              <float>0.0</float>
            </reflectivity>
            <transparent>
              <color>0.0 0.0 0.0 1.0</color>
            </transparent>
            <transparency>
              <float>1.0</float>
            </transparency>
          </phong>
        </technique>
        <extra>
          <technique profile="GOOGLEEARTH">
            <double_sided>0</double_sided>
          </technique>
        </extra>
      </profile_COMMON>
    </effect>
  </library_effects>
  <library_geometries>
    <geometry id="2e94ec7478e54508ab74c88aee7c87a6" name="c6ea35624355424899d17b1652aa9cfd">
      <mesh>
        <source id="verts-array">
          <float_array count="3771" id="verts-array-array">10 5 1 10 5 -1.192093e-07 10 -5 1 10 -5 -1.192093e-07 -10 5 1 -10 5 -1.192093e-07 -10 -5 1 -10 -5 -1.192093e-07 10 -5 0.5 -10 -0.08166347 0.4782497 -10 0 -1.192093e-07 10 0.08166347 0.4782497 10 0 -1.192093e-07 -10 5 0.5 0 -5 1 -10 0 1 10 0 1 0 5 1 5.055228 -5 0.43206 -10 -2.80206 0.3170423 -10 2.5 -1.192093e-07 -5.878213 0.1347332 -1.192093e-07 10 2.80206 0.3170423 -5.055228 5 0.43206 -10 2.426183 0.6380675 10 -2.5 -1.192093e-07 5.93579 -0.4254652 -1.192093e-07 10 -2.426183 0.6380675 0 -5 -1.192093e-07 5.856017 -5 0.7090616 -10 2.652824 0.3076071 -10 -2.599913 0.6509677 -10 -2.5 -1.192093e-07 -4.998347 -2.517104 -1.192093e-07 4.925201 2.655626 -1.192093e-07 0 5 -1.192093e-07 10 -2.652824 0.3076071 10 2.582184 0.6393348 10 2.5 -1.192093e-07 -5.856152 5 0.7090297 -5 -5 1 5 -5 1 -10 2.5 1 -10 -2.5 1 10 -2.5 1 10 2.5 1 5 5 1 -5 5 1 -6.983473 2.453769 -1.192093e-07 -7.604057 1.277513 -1.192093e-07 -5.365486 1.235469 -1.192093e-07 5.430597 -1.169555 -1.192093e-07 7.058524 -2.4184 -1.192093e-07 -3.375435 -5 0.3007198 2.701197 -5 0.6330211 -10 3.869388 0.284353 -10 3.75 -1.192093e-07 -10 -1.096474 0.225311 -10 -1.25 -1.192093e-07 -5.34796 -1.457596 -1.192093e-07 -7.486835 -0.9776483 -1.192093e-07 -7.473856 -2.498466 -1.192093e-07 -2.370491 3.815227 -1.192093e-07 -2.530074 1.384863 -1.192093e-07 10 -3.869388 0.284353 10 -3.75 -1.192093e-07 10 1.096474 0.225311 10 1.25 -1.192093e-07 3.381157 5 0.2956444 -2.701197 5 0.6330211 -2.380873 -5 0.5403836 -2.5 -5 1 7.5 -5 1 -10 1.461575 0.6677507 -10 1.25 1 -10 -3.75 1 2.30251 -3.724306 -1.192093e-07 2.711874 -1.515024 -1.192093e-07 0.09310107 -2.496395 -1.192093e-07 7.664246 1.234028 -1.192093e-07 7.668696 2.447074 -1.192093e-07 5.22202 1.40417 -1.192093e-07 10 -1.461575 0.6677507 10 -1.25 1 10 3.649252 0.7145352 10 3.75 1 2.380919 5 0.5403365 2.5 5 1 -7.5 5 1 7.684446 -5 0.5396698 -10 -1.356918 0.5413211 -2.976426 0.0182964 -1.192093e-07 -7.698121 3.727813 -1.192093e-07 -10 1.25 -1.192093e-07 -8.169501 0.1521516 -1.192093e-07 10 1.356918 0.5413211 -7.685219 5 0.5399508 -10 1.014692 0.627738 10 -1.25 -1.192093e-07 8.240364 -0.09711006 -1.192093e-07 3.113662 0.0680078 -1.192093e-07 10 -1.014692 0.627738 -7.354304 -5 0.2482076 -5 -5 -1.192093e-07 5 -5 -1.192093e-07 -10 1.177057 0.2742107 -10 -3.705042 0.5242283 -10 -3.75 -1.192093e-07 -7.484753 -3.809542 -1.192093e-07 -2.488221 -1.439462 -1.192093e-07 2.327495 1.347487 -1.192093e-07 2.481574 3.605629 -1.192093e-07 7.707143 3.777 -1.192093e-07 5 5 -1.192093e-07 -5 5 -1.192093e-07 10 -1.177057 0.2742107 10 3.744853 0.3450559 10 3.75 -1.192093e-07 7.354304 5 0.2482076 -8.740682 -5 0.6053089 -7.5 -5 1 2.5 -5 1 -10 3.75 1 -10 -1.067027 0.7925516 -10 -1.25 1 -2.449476 -3.459127 -1.192093e-07 10 -3.75 1 10 1.067027 0.7925516 10 1.25 1 8.740682 5 0.6053089 7.5 5 1 -2.5 5 1 -7.704403 1.722661 -1.192093e-07 -6.75963 1.133539 -1.192093e-07 -6.60086 1.69492 -1.192093e-07 7.095591 -1.31164 -1.192093e-07 6.289374 -1.862037 -1.192093e-07 7.937961 -1.684774 -1.192093e-07 -10 4.375 -1.192093e-07 -10 -0.625 -1.192093e-07 -6.42168 -1.230718 -1.192093e-07 -1.268243 3.072605 -1.192093e-07 -1.244513 1.852944 -1.192093e-07 10 -4.375 -1.192093e-07 10 0.625 -1.192093e-07 -0.2997138 -5 0.5726424 -0.8423501 -5 0.6131029 -3.363847 -5 0.701162 8.75 -5 1 -10 0.6587051 0.7828554 -10 0.625 1 -10 -4.375 1 1.403682 -1.930322 -1.192093e-07 1.23961 -3.062807 -1.192093e-07 7.688116 1.724531 -1.192093e-07 6.406445 1.264602 -1.192093e-07 10 -0.6587051 0.7828554 10 -0.625 1 10 4.375 1 0.2997138 5 0.5726424 0.8423501 5 0.6131029 3.365035 5 0.7004238 -8.75 5 1 6.651754 -5 0.6432536 -10 -2.027189 0.6565836 -10 -1.706054 0.2768329 -3.707903 1.228772 -1.192093e-07 -2.702059 0.4540785 -1.192093e-07 -8.831543 3.08438 -1.192093e-07 -7.425532 3.214416 -1.192093e-07 -8.397215 1.042341 -1.192093e-07 -9.077494 0.6018187 -1.192093e-07 -7.522849 0.7290032 -1.192093e-07 10 2.027189 0.6565836 10 1.706054 0.2768329 -6.654303 5 0.6431072 8.854201 -3.089733 -1.192093e-07 7.221854 -3.361152 -1.192093e-07 8.170232 -3.625486 -1.192093e-07 9.556186 -0.2280945 -1.192093e-07 7.581293 -0.6449447 -1.192093e-07 8.325624 -1.186164 -1.192093e-07 3.852815 -5 0.3034267 3.991791 -5 0.6525866 -10 0.625 -1.192093e-07 -10 1.722371 0.2924119 -10 -4.274039 0.2718037 -10 -4.375 -1.192093e-07 -7.39204 -2.962699 -1.192093e-07 -8.757897 -3.110783 -1.192093e-07 -8.707112 -3.727344 -1.192093e-07 -2.782413 -0.9418473 -1.192093e-07 -3.961899 -0.5447308 -1.192093e-07 -3.86991 -1.252943 -1.192093e-07 -8.873119 -0.6996466 -1.192093e-07 -8.803621 -1.280834 -1.192093e-07 2.541934 2.502968 -1.192093e-07 1.197078 2.931076 -1.192093e-07 5.042936 3.784849 -1.192093e-07 3.744248 3.089111 -1.192093e-07 -6.292874 4.287971 -1.192093e-07 10 -0.625 -1.192093e-07 10 -1.722371 0.2924119 10 4.295842 0.2354787 10 4.375 -1.192093e-07 -3.852815 5 0.3034267 -3.991791 5 0.6525866 -8.75 -5 1 5.452308 -5 0.6627744 3.75 -5 1 -10 4.495156 0.3070077 -10 4.375 1 -10 -1.635143 0.7954379 -10 -0.625 1 -10 -0.5483598 0.7166339 -3.729525 -3.015638 -1.192093e-07 -5.049244 -3.799895 -1.192093e-07 6.21725 -4.499296 -1.192093e-07 6.207516 -3.123421 -1.192093e-07 5.042517 -3.786005 -1.192093e-07 -1.185899 -2.9129 -1.192093e-07 -2.358352 -2.414516 -1.192093e-07 3.916995 0.5317361 -1.192093e-07 4.017894 1.18392 -1.192093e-07 9.082074 0.5972081 -1.192093e-07 9.104909 1.534687 -1.192093e-07 7.646303 0.720396 -1.192093e-07 9.077374 3.402519 -1.192093e-07 8.752591 3.769905 -1.192093e-07 7.404382 2.932808 -1.192093e-07 10 -4.495156 0.3070077 10 -4.375 1 10 1.635143 0.7954379 10 0.625 1 10 0.5483598 0.7166339 8.75 5 1 -5.452314 5 0.6627729 -3.75 5 1 -6.08898 2.608926 -1.192093e-07 -5.542216 1.71178 -1.192093e-07 -8.224393 2.500193 -1.192093e-07 -8.886286 1.903282 -1.192093e-07 -6.561335 0.6008612 -1.192093e-07 -5.331755 0.6966374 -1.192093e-07 8.880711 -1.911641 -1.192093e-07 8.071048 -2.244965 -1.192093e-07 7.009625 -0.4927485 -1.192093e-07 5.21474 -0.6275709 -1.192093e-07 5.444735 -1.708809 -1.192093e-07 6.183946 -2.478513 -1.192093e-07 -1.142797 -5 0.3253419 -10 3.125 -1.192093e-07 -10 3.258577 0.2974041 -10 -3.31445 0.2784508 -10 -1.875 -1.192093e-07 -5.034569 -1.943332 -1.192093e-07 -5.02487 -0.4595415 -1.192093e-07 -6.493725 -0.6532888 -1.192093e-07 -8.797942 -1.886136 -1.192093e-07 -8.769936 -2.499646 -1.192093e-07 -0.1108766 1.102692 -1.192093e-07 -1.322494 0.6982486 -1.192093e-07 10 -3.125 -1.192093e-07 10 -3.258577 0.2974041 10 3.326629 0.2847508 10 1.875 -1.192093e-07 1.142797 5 0.3253419 -2.928558 -5 0.4024854 -1.388296 -5 0.7398018 -1.25 -5 1 -3.75 -5 1 6.25 -5 1 -10 1.979865 0.7111961 -10 1.875 1 -10 -3.146036 0.7806585 -10 -3.125 1 -0.01427808 -3.745138 -1.192093e-07 3.623428 -3.15792 -1.192093e-07 3.604617 -1.977961 -1.192093e-07 1.409781 -0.7504315 -1.192093e-07 0.04480921 -1.274568 -1.192093e-07 4.946177 0.3883507 -1.192093e-07 9.081302 2.114968 -1.192093e-07 8.819006 2.848344 -1.192093e-07 5.109523 1.833279 -1.192093e-07 10 -1.979865 0.7111961 10 -1.875 1 10 3.106835 0.7865722 10 3.125 1 2.929396 5 0.4016789 1.388296 5 0.7398018 1.25 5 1 3.75 5 1 -6.25 5 1 8.585593 -5 0.2059783 8.938923 -5 0.5600712 -10 -0.5488023 0.2815345 -10 -0.8684483 0.5065313 -3.94052 -0.1052834 -1.192093e-07 -8.769536 4.384986 -1.192093e-07 -7.168798 -0.05685794 -1.192093e-07 -10 1.875 -1.192093e-07 -9.246725 0.06432851 -1.192093e-07 10 0.5488023 0.2815345 10 0.8684483 0.5065313 -8.585595 5 0.205979 -8.938923 5 0.5600715 0.3034928 -5 0.5089341 10 -1.875 -1.192093e-07 9.133581 0.1457868 -1.192093e-07 6.8953 0.002960884 -1.192093e-07 4.17605 0.03532916 -1.192093e-07 -0.3034928 5 0.5089341 -8.529279 -5 0.2193795 -7.5 -5 -1.192093e-07 -2.5 -5 -1.192093e-07 1.611086 -5 0.6482754 2.5 -5 -1.192093e-07 7.5 -5 -1.192093e-07 -10 0.6551048 0.3881032 -10 -3.125 -1.192093e-07 -8.742318 -4.361108 -1.192093e-07 -3.728045 -1.994786 -1.192093e-07 3.715518 1.988637 -1.192093e-07 6.229776 4.277544 -1.192093e-07 8.776624 4.360006 -1.192093e-07 7.5 5 -1.192093e-07 2.5 5 -1.192093e-07 -3.904511 4.281078 -1.192093e-07 -2.5 5 -1.192093e-07 -7.5 5 -1.192093e-07 10 -0.6551048 0.3881032 10 3.125 -1.192093e-07 8.529279 5 0.2193795 -1.611086 5 0.6482754 -9.090274 -5 0.2708472 -6.25 -5 1 1.25 -5 1 -10 3.125 1 -10 -1.875 1 -6.199493 -4.26977 -1.192093e-07 3.912414 -4.145946 -1.192093e-07 10 -3.125 1 10 1.875 1 9.090274 5 0.2708472 6.25 5 1 -1.25 5 1 -6.966463 -1.510868 -1.192093e-07 -1.916305 2.776784 -1.192093e-07 -1.901631 2.208441 -1.192093e-07 -1.416848 2.479476 -1.192093e-07 9.375 -5 1 1.864323 -2.20908 -1.192093e-07 1.903821 -2.763945 -1.192093e-07 6.878522 1.297668 -1.192093e-07 -9.375 5 1 -3.926749 0.9064832 -1.192093e-07 -3.429235 0.8870464 -1.192093e-07 3.349284 -0.8642312 -1.192093e-07 3.961598 -0.9339713 -1.192093e-07 4.524335 -5 0.6341011 -8.241856 -3.604949 -1.192093e-07 -3.507066 -0.7140874 -1.192093e-07 -3.992154 -0.8946403 -1.192093e-07 -3.44741 -1.002042 -1.192093e-07 1.887971 2.782587 -1.192093e-07 1.863746 2.206356 -1.192093e-07 4.366124 4.037119 -1.192093e-07 4.393548 3.460005 -1.192093e-07 -5.680103 3.478923 -1.192093e-07 -4.524335 5 0.6341011 -8.224977 -5 0.651699 -9.375 -5 1 -9.21734 -5 0.6822824 4.375 -5 1 -10 4.08915 0.6169538 -4.400783 -3.460998 -1.192093e-07 -4.36565 -4.07074 -1.192093e-07 5.772661 -3.448709 -1.192093e-07 -1.877451 -2.273341 -1.192093e-07 -1.900717 -2.777957 -1.192093e-07 3.729722 1.003157 -1.192093e-07 3.311446 0.6920005 -1.192093e-07 8.12099 1.01172 -1.192093e-07 8.296725 3.529316 -1.192093e-07 10 -4.08915 0.6169538 8.224977 5 0.651699 9.375 5 1 9.21734 5 0.6822824 -4.375 5 1 -5.788056 2.146393 -1.192093e-07 -5.763331 0.529809 -1.192093e-07 -5.856923 0.9727914 -1.192093e-07 5.974111 -0.9638382 -1.192093e-07 -5.543794 -1.835899 -1.192093e-07 -5.99504 -0.3893825 -1.192093e-07 -7.966094 -2.27292 -1.192093e-07 -0.7550699 1.668608 -1.192093e-07 -1.550128 3.543946 -1.192093e-07 -0.4549857 3.42389 -1.192093e-07 -3.720652 2.810398 -1.192093e-07 -3.180353 2.131529 -1.192093e-07 -3.815173 -5 0.4278594 -0.625 -5 1 -3.125 -5 1 1.279935 -3.612686 -1.192093e-07 0.452357 -3.419764 -1.192093e-07 3.180044 -2.228804 -1.192093e-07 5.916014 0.5208696 -1.192093e-07 8.17964 2.319096 -1.192093e-07 5.5661 2.018963 -1.192093e-07 3.818939 5 0.4280407 0.625 5 1 3.125 5 1 8.077304 -5 0.4128717 9.622055 -5 0.214039 -1.820938 0.6998625 -1.192093e-07 -2.188696 0.3383536 -1.192093e-07 -4.446363 1.807807 -1.192093e-07 -4.871621 0.4451365 -1.192093e-07 -8.077331 5 0.412887 -9.622055 5 0.214039 4.521107 -1.795072 -1.192093e-07 3.713062 -1.59153 -1.192093e-07 4.706627 -0.5754471 -1.192093e-07 1.868715 -0.4990464 -1.192093e-07 1.800889 -5 0.2625827 6.777674 -5 0.2177455 6.240705 -5 0.4111009 9.526243 -5 0.6255442 -9.173978 -4.137741 -1.192093e-07 -6.904696 -3.03743 -1.192093e-07 -9.149801 -2.966402 -1.192093e-07 -4.490764 -1.915886 -1.192093e-07 -1.513478 -0.3181214 -1.192093e-07 -2.011555 -0.1669703 -1.192093e-07 -9.186677 -1.719856 -1.192093e-07 -7.304561 -0.4886366 -1.192093e-07 -9.453859 -0.5892703 -1.192093e-07 1.381166 1.399724 -1.192093e-07 0.8268749 1.66501 -1.192093e-07 0.8281904 1.15276 -1.192093e-07 3.276375 2.910265 -1.192093e-07 0.4578497 4.097577 -1.192093e-07 6.900131 4.611032 -1.192093e-07 2.655968 4.166764 -1.192093e-07 1.806434 3.945699 -1.192093e-07 -4.349668 4.027034 -1.192093e-07 -4.387675 3.446161 -1.192093e-07 -2.556138 4.300469 -1.192093e-07 -2.706997 4.670533 -1.192093e-07 -2.94486 3.938053 -1.192093e-07 -7.52011 4.218049 -1.192093e-07 -7.88615 4.584239 -1.192093e-07 -8.037891 4.076383 -1.192093e-07 -1.800889 5 0.2625827 -6.790164 5 0.2151594 -6.242683 5 0.4106606 -9.526243 5 0.6255443 -7.950532 -5 0.2478813 -9.538612 -5 0.3957569 -6.875 -5 1 -7.11718 -5 0.6208824 -10 4.541363 0.7093645 -6.945323 -4.036465 -1.192093e-07 -7.348193 -4.220496 -1.192093e-07 -1.828077 -4.001856 -1.192093e-07 -2.662313 -4.254143 -1.192093e-07 2.926168 -4.571027 -1.192093e-07 7.946409 -4.666645 -1.192093e-07 8.092489 -4.137582 -1.192093e-07 7.634168 -4.383062 -1.192093e-07 4.355961 -4.001389 -1.192093e-07 4.430122 -3.438762 -1.192093e-07 3.993571 -3.549241 -1.192093e-07 -3.278794 -2.904884 -1.192093e-07 -0.4749652 -4.045896 -1.192093e-07 -0.62557 -1.608967 -1.192093e-07 -0.6457218 -1.088922 -1.192093e-07 -1.125229 -1.230043 -1.192093e-07 1.990841 0.4945605 -1.192093e-07 1.220955 0.08325717 -1.192093e-07 4.593125 1.98629 -1.192093e-07 3.667486 1.502769 -1.192093e-07 9.547574 1.94432 -1.192093e-07 6.87148 2.991541 -1.192093e-07 9.52955 3.20246 -1.192093e-07 9.351799 4.258198 -1.192093e-07 10 -4.541363 0.7093645 7.950532 5 0.2478813 9.538612 5 0.3957569 6.875 5 1 7.11718 5 0.6208824 -5.883036 -1.502251 -1.192093e-07 -6.938117 -2.336938 -1.192093e-07 -0.4588477 2.808711 -1.192093e-07 -0.6057991 2.302346 -1.192093e-07 -2.416991 2.981287 -1.192093e-07 -2.01063 1.627736 -1.192093e-07 -2.862569 -5 0.7412118 8.125 -5 1 2.472354 -2.972235 -1.192093e-07 1.851258 -1.647932 -1.192093e-07 0.5638776 -2.820765 -1.192093e-07 7.091204 2.532564 -1.192093e-07 2.862689 5 0.7411088 -8.125 5 1 -3.117408 1.267564 -1.192093e-07 -2.840485 0.90272 -1.192093e-07 -4.551441 1.345189 -1.192093e-07 -3.262314 0.463814 -1.192093e-07 4.283727 -1.367938 -1.192093e-07 3.219273 -0.3412549 -1.192093e-07 2.686823 -0.1130431 -1.192093e-07 3.206878 -1.326661 -1.192093e-07 3.383236 -5 0.6044205 4.58918 -5 0.241535 -9.144487 -3.573563 -1.192093e-07 -3.20894 -1.314772 -1.192093e-07 -2.824509 -0.3751318 -1.192093e-07 -3.407184 -0.3061443 -1.192093e-07 -4.515109 -0.7320761 -1.192093e-07 -4.376597 -1.125612 -1.192093e-07 -8.37797 -0.3164039 -1.192093e-07 -9.233425 -1.120691 -1.192093e-07 1.866465 1.639459 -1.192093e-07 2.327492 2.994292 -1.192093e-07 1.987077 3.41894 -1.192093e-07 0.8393167 3.053509 -1.192093e-07 0.6479389 2.099232 -1.192093e-07 4.38071 4.578427 -1.192093e-07 3.189957 3.844875 -1.192093e-07 3.119552 3.415608 -1.192093e-07 -4.860078 3.327145 -1.192093e-07 -5.638825 2.944613 -1.192093e-07 -4.812807 4.330782 -1.192093e-07 -5.869831 4.642007 -1.192093e-07 -6.702743 3.930789 -1.192093e-07 -3.383236 5 0.6044205 -4.58918 5 0.241535 -6.782513 -5 0.2483561 -8.125 -5 1 3.125 -5 1 -4.864316 -4.280412 -1.192093e-07 -3.071992 -4.034371 -1.192093e-07 -3.138773 -3.474891 -1.192093e-07 5.799896 -4.642028 -1.192093e-07 6.787718 -4.127505 -1.192093e-07 7.034174 -3.762093 -1.192093e-07 4.865642 -3.300025 -1.192093e-07 -1.990524 -3.403373 -1.192093e-07 -2.373184 -2.961782 -1.192093e-07 -0.7295535 -2.947179 -1.192093e-07 -0.6764862 -2.115875 -1.192093e-07 -2.539709 -1.911355 -1.192093e-07 2.872208 0.376422 -1.192093e-07 4.324502 0.8651345 -1.192093e-07 4.447626 1.232386 -1.192093e-07 3.241039 1.20288 -1.192093e-07 9.562114 1.331927 -1.192093e-07 9.499601 3.786086 -1.192093e-07 6.782513 5 0.2483561 8.125 5 1 -3.125 5 1 -5.563831 2.507395 -1.192093e-07 5.657456 -2.410014 -1.192093e-07 -1.970524 -5 0.2576209 -5.435355 -2.315612 -1.192093e-07 -6.951365 -0.9487936 -1.192093e-07 -9.163019 -2.343359 -1.192093e-07 -0.6249608 0.3564745 -1.192093e-07 -0.2135329 1.566936 -1.192093e-07 0.003935665 3.14684 -1.192093e-07 0.007227054 4.35771 -1.192093e-07 -1.900703 3.916052 -1.192093e-07 -3.032724 3.425488 -1.192093e-07 -4.245121 2.890539 -1.192093e-07 -4.363112 2.32924 -1.192093e-07 1.970526 5 0.2576196 -1.90813 -5 0.7336673 -1.875 -5 1 -4.375 -5 1 5.625 -5 1 6.875 -5 1 -10 2.928328 0.6595515 -0.007565849 -4.351317 -1.192093e-07 0.1657084 -3.036251 -1.192093e-07 3.121792 -3.515452 -1.192093e-07 4.165543 -3.016184 -1.192093e-07 0.05912809 -1.850043 -1.192093e-07 0.524603 -0.4627092 -1.192093e-07 0.07223908 -0.7687874 -1.192093e-07 7.152177 0.9305314 -1.192093e-07 8.15913 1.537704 -1.192093e-07 9.504346 2.570829 -1.192093e-07 5.606507 2.384365 -1.192093e-07 5.060944 2.256049 -1.192093e-07 10 -2.928328 0.6595515 1.908131 5 0.7336661 1.875 5 1 4.375 5 1 -5.625 5 1 -6.875 5 1 9.208116 -5 0.2252848 8.383721 -5 0.5632433 -0.7369868 -0.02308385 -1.192093e-07 -2.447195 -0.02598547 -1.192093e-07 -3.506505 0.05276118 -1.192093e-07 -4.915481 0.0009120898 -1.192093e-07 -9.208116 5 0.2252849 -8.383724 5 0.563247 -10 0.3151798 0.7178348 5.017048 -0.1469436 -1.192093e-07 2.18429 -0.005472637 -1.192093e-07 0.7505392 0.01614168 -1.192093e-07 10 -0.3151798 0.7178348 -8.75 -5 -1.192093e-07 -6.25 -5 -1.192093e-07 -3.75 -5 -1.192093e-07 -1.25 -5 -1.192093e-07 2.121729 -5 0.6616485 1.25 -5 -1.192093e-07 2.99368 -5 0.2625161 3.75 -5 -1.192093e-07 5.76127 -5 0.3514279 5.524892 -5 0.1872176 6.25 -5 -1.192093e-07 8.75 -5 -1.192093e-07 -10 0.2974481 0.2512259 -10 -4.6394 0.6315543 -6.760715 -3.525644 -1.192093e-07 -6.008972 -3.171105 -1.192093e-07 -4.578398 -2.303605 -1.192093e-07 3.271446 1.756044 -1.192093e-07 4.483693 2.382859 -1.192093e-07 6.727146 3.451462 -1.192093e-07 8.273281 4.054815 -1.192093e-07 8.75 5 -1.192093e-07 6.25 5 -1.192093e-07 3.75 5 -1.192093e-07 1.25 5 -1.192093e-07 -1.865805 4.481954 -1.192093e-07 -1.25 5 -1.192093e-07 -3.75 5 -1.192093e-07 -6.25 5 -1.192093e-07 -8.75 5 -1.192093e-07 10 -0.2974481 0.2512259 10 4.639494 0.3924472 -2.121729 5 0.6616485 -2.99368 5 0.2625161 -5.761386 5 0.3513999 -5.524896 5 0.1872167 -5.625 -5 1 0.625 -5 1 1.875 -5 1 -10 3.565193 0.6500108 4.373165 -4.562095 -1.192093e-07 10 -3.565193 0.6500108 5.625 5 1 -0.625 5 1 -1.875 5 1 1.41221 -2.531498 -1.192093e-07 -10 -2.27807 0.3170786 10 2.27807 0.3170786 1.409854 2.497715 -1.192093e-07 3.917437 3.684373 -1.192093e-07 -5.79267 4.030753 -1.192093e-07 -6.142248 3.687543 -1.192093e-07 -3.920583 -3.709172 -1.192093e-07 6.173182 -3.681083 -1.192093e-07 5.820377 -4.069575 -1.192093e-07 -1.434364 -2.479612 -1.192093e-07 5.59263 -0.6626382 -1.192093e-07 -5.505892 -0.6308372 -1.192093e-07 -1.117943 1.260352 -1.192093e-07 -0.9170051 3.771272 -1.192093e-07 0.8882111 -3.767919 -1.192093e-07 3.755367 -2.695668 -1.192093e-07 0.9113957 -1.294962 -1.192093e-07 5.410277 0.6119369 -1.192093e-07 -1.646355 0.2102555 -1.192093e-07 1.458884 -0.3497942 -1.192093e-07 3.66384 2.546323 -1.192093e-07 3.277979 2.275324 -1.192093e-07 0.9465493 3.852475 -1.192093e-07 5.968741 3.827209 -1.192093e-07 7.366896 4.196165 -1.192093e-07 2.336329 4.581212 -1.192093e-07 2.190717 4.0223 -1.192093e-07 -3.902204 3.302062 -1.192093e-07 -2.259149 -3.940778 -1.192093e-07 -2.121683 -4.396866 -1.192093e-07 2.685847 -4.031562 -1.192093e-07 -3.290336 -2.285728 -1.192093e-07 -3.669718 -2.541828 -1.192093e-07 -0.947068 -3.850831 -1.192093e-07 1.527553 0.5190175 -1.192093e-07 -7.320767 2.059403 -1.192093e-07 7.509028 -1.504007 -1.192093e-07 7.096074 -1.849181 -1.192093e-07 7.523941 -2.041279 -1.192093e-07 -6.410725 -1.706631 -1.192093e-07 -6.832632 -1.913492 -1.192093e-07 -0.9430152 2.682395 -1.192093e-07 -2.056194 3.376328 -1.192093e-07 -2.334317 1.93539 -1.192093e-07 2.109869 -3.295988 -1.192093e-07 2.3245 -1.922803 -1.192093e-07 0.9455194 -2.680518 -1.192093e-07 6.631974 1.721894 -1.192093e-07 6.808111 2.104119 -1.192093e-07 -8.389706 3.046589 -1.192093e-07 -8.703517 2.768845 -1.192093e-07 -7.821212 2.815443 -1.192093e-07 -7.989274 0.8823683 -1.192093e-07 -8.370562 0.565637 -1.192093e-07 -7.865009 0.4454348 -1.192093e-07 8.422139 -2.750782 -1.192093e-07 7.883319 -2.740919 -1.192093e-07 8.260848 -3.106531 -1.192093e-07 8.362482 -0.587974 -1.192093e-07 7.895793 -0.370157 -1.192093e-07 8.021633 -0.8473943 -1.192093e-07 4.473073 -0.9566683 -1.192093e-07 2.744514 -1.087528 -1.192093e-07 -5.928644 -5 0.5180601 -8.339269 -3.205134 -1.192093e-07 2.351849 1.941479 -1.192093e-07 0.8912426 2.556297 -1.192093e-07 4.855131 3.245726 -1.192093e-07 4.489068 2.89608 -1.192093e-07 4.833444 4.32539 -1.192093e-07 3.451565 3.495986 -1.192093e-07 -5.276853 3.26023 -1.192093e-07 -5.325957 4.276207 -1.192093e-07 5.928644 5 0.5180601 -3.527255 -3.413144 -1.192093e-07 -4.553473 -2.888132 -1.192093e-07 -4.890238 -3.082985 -1.192093e-07 5.339722 -4.28427 -1.192093e-07 6.576961 -3.803817 -1.192093e-07 5.319347 -3.270392 -1.192093e-07 -0.9306998 -2.511581 -1.192093e-07 -2.163593 -1.925996 -1.192093e-07 8.597365 0.7064764 -1.192093e-07 8.325393 3.076598 -1.192093e-07 -5.223105 2.185558 -1.192093e-07 -5.810176 1.460005 -1.192093e-07 6.567247 -1.117926 -1.192093e-07 6.297316 -1.36322 -1.192093e-07 -5.955219 -2.109486 -1.192093e-07 -7.38624 -1.39641 -1.192093e-07 -0.3972368 0.7596142 -1.192093e-07 -1.587302 1.47138 -1.192093e-07 -1.568424 1.046578 -1.192093e-07 -0.4510362 4.612922 -1.192093e-07 -0.4487768 4.023056 -1.192093e-07 -2.729646 1.942957 -1.192093e-07 -2.791999 2.960522 -1.192093e-07 -3.986287 2.51589 -1.192093e-07 0.4548961 -4.022541 -1.192093e-07 0.4508922 -4.61323 -1.192093e-07 1.801821 -3.592951 -1.192093e-07 2.799368 -2.005763 -1.192093e-07 7.32107 1.417608 -1.192093e-07 8.585732 1.83382 -1.192093e-07 6.05133 1.638149 -1.192093e-07 -3.512382 1.725236 -1.192093e-07 -4.777985 2.130201 -1.192093e-07 -5.155082 2.769495 -1.192093e-07 -6.972464 2.975934 -1.192093e-07 -7.346064 2.610747 -1.192093e-07 -9.62402 4.193841 -1.192093e-07 -7.2096 1.053595 -1.192093e-07 -7.035377 0.6585823 -1.192093e-07 -8.124918 1.335049 -1.192093e-07 -10 2.169459 0.2782601 7.623886 -3.866261 -1.192093e-07 6.972235 -2.942509 -1.192093e-07 5.136762 -2.708234 -1.192093e-07 7.777575 -1.162251 -1.192093e-07 6.943282 -0.8942861 -1.192093e-07 7.357672 -0.9814107 -1.192093e-07 4.785943 -2.203284 -1.192093e-07 4.288221 -0.5507046 -1.192093e-07 4.568448 -0.02734539 -1.192093e-07 2.375929 -0.3926472 -1.192093e-07 1.039647 -0.3323576 -1.192093e-07 10 -2.169459 0.2782601 -1.58764 -5 0.3200603 3.432531 -5 0.1924279 -9.129199 -4.652932 -1.192093e-07 -7.89423 -3.793706 -1.192093e-07 -6.417894 -3.12209 -1.192093e-07 -6.599755 -2.64711 -1.192093e-07 -7.937217 -2.805232 -1.192093e-07 -3.642462 -1.541245 -1.192093e-07 -4.159906 -1.617509 -1.192093e-07 -1.02935 -0.3300193 -1.192093e-07 -4.489674 -0.3085866 -1.192093e-07 -6.857478 -0.3693052 -1.192093e-07 0.4374766 0.8214123 -1.192093e-07 0.45565 0.3909028 -1.192093e-07 1.783557 1.020533 -1.192093e-07 0.2091548 1.918086 -1.192093e-07 2.842947 2.033777 -1.192093e-07 4.078846 2.655035 -1.192093e-07 2.791652 3.094607 -1.192093e-07 0.4418826 2.888896 -1.192093e-07 1.449854 3.632679 -1.192093e-07 5.315476 3.282158 -1.192093e-07 6.560727 3.902094 -1.192093e-07 6.311609 3.616609 -1.192093e-07 5.340881 4.293969 -1.192093e-07 7.76208 4.677117 -1.192093e-07 7.806532 4.240019 -1.192093e-07 8.262163 4.564314 -1.192093e-07 5.842146 4.639447 -1.192093e-07 3.504664 4.593443 -1.192093e-07 1.386731 4.665202 -1.192093e-07 0.9279152 4.762177 -1.192093e-07 -4.696655 3.016871 -1.192093e-07 -3.45043 3.674427 -1.192093e-07 -2.180773 4.211578 -1.192093e-07 -1.453406 4.587969 -1.192093e-07 -4.031485 4.735433 -1.192093e-07 -4.312136 4.513653 -1.192093e-07 -7.154693 4.312641 -1.192093e-07 -6.465803 4.756343 -1.192093e-07 -6.783291 4.548854 -1.192093e-07 -9.039595 4.755141 -1.192093e-07 -9.181265 4.458049 -1.192093e-07 1.58764 5 0.3200602 -3.432531 5 0.1924279 -8.253167 -4.553072 -1.192093e-07 -6.065291 -4.737656 -1.192093e-07 -5.738603 -4.539578 -1.192093e-07 -7.819514 -4.189174 -1.192093e-07 -3.617081 -4.68621 -1.192093e-07 -3.286396 -4.462533 -1.192093e-07 -1.0617 -4.681454 -1.192093e-07 -6.5578 -3.966129 -1.192093e-07 -6.314069 -3.66928 -1.192093e-07 -5.336694 -4.259387 -1.192093e-07 -5.249824 -3.303713 -1.192093e-07 1.781442 -4.465511 -1.192093e-07 4.01386 -4.733021 -1.192093e-07 2.33019 -4.555932 -1.192093e-07 2.055933 -4.076473 -1.192093e-07 6.680157 -4.620759 -1.192093e-07 9.083532 -4.622658 -1.192093e-07 7.181516 -4.300439 -1.192093e-07 3.556617 -3.713146 -1.192093e-07 4.832186 -4.322842 -1.192093e-07 4.634301 -2.984028 -1.192093e-07 -4.101785 -2.646436 -1.192093e-07 -2.811227 -3.145762 -1.192093e-07 -2.869141 -2.039753 -1.192093e-07 -1.449002 -3.637636 -1.192093e-07 -0.4970708 -4.595029 -1.192093e-07 -0.2700706 -2.974813 -1.192093e-07 -1.483054 -1.548865 -1.192093e-07 -1.700514 -1.127549 -1.192093e-07 -0.4246579 -0.4571436 -1.192093e-07 2.259292 0.8876714 -1.192093e-07 4.187588 1.63224 -1.192093e-07 6.819003 0.4882554 -1.192093e-07 6.547385 2.580897 -1.192093e-07 6.270322 3.1008 -1.192093e-07 6.700775 -1.599356 -1.192093e-07 6.657409 -2.157602 -1.192093e-07 -1.613572 3.087577 -1.192093e-07 -2.352831 2.351727 -1.192093e-07 2.362427 -2.464203 -1.192093e-07 1.599171 -3.11108 -1.192093e-07 -7.905216 3.319888 -1.192093e-07 -8.641047 3.450081 -1.192093e-07 -8.71594 0.8273134 -1.192093e-07 8.509189 -3.396849 -1.192093e-07 7.747226 -3.351133 -1.192093e-07 8.827609 -0.7756297 -1.192093e-07 2.790063 -0.6531482 -1.192093e-07 2.193079 2.48889 -1.192093e-07 1.41074 1.918569 -1.192093e-07 4.691798 3.77142 -1.192093e-07 3.949302 4.326478 -1.192093e-07 4.103213 3.14789 -1.192093e-07 -5.217774 3.76322 -1.192093e-07 -6.107212 3.160203 -1.192093e-07 -3.841583 -4.23818 -1.192093e-07 -4.0539 -3.174573 -1.192093e-07 -4.713323 -3.751023 -1.192093e-07 5.398623 -3.771859 -1.192093e-07 -1.650047 -1.934394 -1.192093e-07 2.765162 0.9307249 -1.192093e-07 -6.33512 2.103775 -1.192093e-07 -8.118117 2.100855 -1.192093e-07 -8.588264 2.270569 -1.192093e-07 -8.390965 1.777145 -1.192093e-07 -6.152556 0.5729523 -1.192093e-07 -6.32346 0.9756566 -1.192093e-07 8.510692 -2.206863 -1.192093e-07 8.396387 -1.781509 -1.192093e-07 6.427977 -0.6922566 -1.192093e-07 5.865776 -1.992986 -1.192093e-07 -6.409725 -2.21595 -1.192093e-07 -5.995613 -0.9442885 -1.192093e-07 -0.8806644 0.7242564 -1.192093e-07 -1.147099 4.209419 -1.192093e-07 -0.9229606 3.235636 -1.192093e-07 -3.246814 2.804263 -1.192093e-07 -3.524009 2.31219 -1.192093e-07 1.14911 -4.192173 -1.192093e-07 0.9182686 -3.237619 -1.192093e-07 3.273634 -2.71597 -1.192093e-07 2.841867 -2.563745 -1.192093e-07 0.8820407 -1.782139 -1.192093e-07 0.948993 -0.7879325 -1.192093e-07 0.4759524 -1.035972 -1.192093e-07 0.4803053 -1.587829 -1.192093e-07 5.996794 1.106554 -1.192093e-07 6.163999 2.127267 -1.192093e-07 -2.324033 0.8055065 -1.192093e-07 -4.095222 1.553854 -1.192093e-07 -6.586142 2.821424 -1.192093e-07 -6.593706 2.432782 -1.192093e-07 -6.567686 3.332217 -1.192093e-07 -9.147352 4.058197 -1.192093e-07 -9.087733 3.65587 -1.192093e-07 -8.59536 3.952026 -1.192093e-07 -9.365677 2.927305 -1.192093e-07 -9.082098 2.469117 -1.192093e-07 -7.330055 0.3632733 -1.192093e-07 -9.099489 1.567875 -1.192093e-07 -9.141876 1.141531 -1.192093e-07 -8.633112 1.373948 -1.192093e-07 -9.569594 0.2968064 -1.192093e-07 9.347941 -4.186832 -1.192093e-07 9.236359 -3.588447 -1.192093e-07 9.291527 -2.75866 -1.192093e-07 9.42641 -3.131719 -1.192093e-07 9.292707 -2.323897 -1.192093e-07 6.613547 -2.71542 -1.192093e-07 6.623785 -3.333283 -1.192093e-07 9.194177 -1.523127 -1.192093e-07 9.427994 -1.894572 -1.192093e-07 9.218711 -1.024516 -1.192093e-07 8.757344 -1.328891 -1.192093e-07 4.987373 -1.812582 -1.192093e-07 4.081941 -1.814896 -1.192093e-07 2.293623 -0.819881 -1.192093e-07 -4.741558 -1.517329 -1.192093e-07 -1.841657 -0.6728722 -1.192093e-07 -2.350071 -0.5075642 -1.192093e-07 0.3010682 1.401492 -1.192093e-07 2.897604 2.535923 -1.192093e-07 0.9276342 4.347544 -1.192093e-07 0.5044439 3.572618 -1.192093e-07 5.80974 3.399896 -1.192093e-07 5.760459 4.159185 -1.192093e-07 5.447674 3.783649 -1.192093e-07 7.260972 4.743884 -1.192093e-07 6.748785 4.248375 -1.192093e-07 1.395288 4.172344 -1.192093e-07 -4.715805 3.788001 -1.192093e-07 -3.522331 4.598264 -1.192093e-07 -3.447697 4.130937 -1.192093e-07 -8.42215 4.57142 -1.192093e-07 -1.769893 -4.510144 -1.192093e-07 -1.372875 -4.232193 -1.192093e-07 -5.825259 -3.963759 -1.192093e-07 -5.406733 -3.729803 -1.192093e-07 -5.809195 -3.443527 -1.192093e-07 3.123232 -3.953092 -1.192093e-07 8.50112 -4.520625 -1.192093e-07 4.694482 -3.771067 -1.192093e-07 -2.82843 -2.579838 -1.192093e-07 -0.8985249 -4.300192 -1.192093e-07 -0.9751627 -1.7078 -1.192093e-07 -0.2984923 -1.438501 -1.192093e-07 -0.3013353 -0.9336512 -1.192093e-07 2.486296 0.4576134 -1.192093e-07 4.760779 1.536056 -1.192093e-07 -7.106578 1.535117 -1.192093e-07 -6.836396 2.052361 -1.192093e-07 -6.225467 1.371773 -1.192093e-07 5.889889 -1.531658 -1.192093e-07 -7.375083 -1.967987 -1.192093e-07 -0.1741604 2.322201 -1.192093e-07 -0.9208479 2.123806 -1.192093e-07 -1.615559 1.922481 -1.192093e-07 2.252162 -1.347071 -1.192093e-07 0.9921629 -2.146527 -1.192093e-07 7.142322 1.839004 -1.192093e-07 7.444696 2.077129 -1.192093e-07 -9.381847 3.352287 -1.192093e-07 -7.681746 2.281008 -1.192093e-07 -9.522796 0.9128605 -1.192093e-07 8.823672 -3.667216 -1.192093e-07 8.499845 -3.927145 -1.192093e-07 7.576298 -2.467431 -1.192093e-07 9.60398 -0.8526015 -1.192093e-07 -7.80578 -3.354944 -1.192093e-07 -7.83427 -0.6317053 -1.192093e-07 1.525777 3.089985 -1.192093e-07 1.01743 2.122243 -1.192093e-07 0.3436677 2.446733 -1.192093e-07 4.742538 4.770586 -1.192093e-07 3.48702 4.071378 -1.192093e-07 2.858099 3.707532 -1.192093e-07 -5.253254 4.732329 -1.192093e-07 -6.985383 3.520456 -1.192093e-07 -4.64184 -4.60124 -1.192093e-07 -4.158906 -4.579438 -1.192093e-07 -3.424009 -3.906023 -1.192093e-07 -2.770957 -3.703058 -1.192093e-07 5.255892 -4.737252 -1.192093e-07 -1.525603 -3.086291 -1.192093e-07 -0.4052179 -2.511415 -1.192093e-07 -1.151325 -2.026489 -1.192093e-07 -1.991345 -1.518562 -1.192093e-07 8.09924 0.4210881 -1.192093e-07 7.937652 2.8151 -1.192093e-07 7.803728 3.303176 -1.192093e-07 -9.626698 2.101415 -1.192093e-07 -5.470129 -0.1748556 -1.192093e-07 8.858245 -2.489715 -1.192093e-07 -5.519875 -1.099719 -1.192093e-07 -4.994004 -0.9676015 -1.192093e-07 -7.896644 -1.744622 -1.192093e-07 -1.997753 1.148106 -1.192093e-07 -1.535199 4.062938 -1.192093e-07 -3.024419 1.665776 -1.192093e-07 -3.94527 2.03931 -1.192093e-07 -4.720755 2.581072 -1.192093e-07 1.551571 -4.031018 -1.192093e-07 4.633286 -2.588874 -1.192093e-07 4.194182 -2.230645 -1.192093e-07 5.429484 0.2063295 -1.192093e-07 5.560899 0.9986729 -1.192093e-07 4.931293 0.9451281 -1.192093e-07 8.005796 1.994648 -1.192093e-07 -0.2880225 -0.003311197 -1.192093e-07 -1.108661 0.1634717 -1.192093e-07 -4.972171 1.614061 -1.192093e-07 -3.820435 0.4449769 -1.192093e-07 -4.867823 0.9737073 -1.192093e-07 -5.385345 0.2348939 -1.192093e-07 -9.542103 4.677432 -1.192093e-07 -6.410299 -0.002375832 -1.192093e-07 -7.648693 0.1449987 -1.192093e-07 -8.732411 0.2077941 -1.192093e-07 -9.62406 -0.1339978 -1.192093e-07 9.553052 -4.634601 -1.192093e-07 5.743066 -2.900471 -1.192093e-07 7.741828 0.1460051 -1.192093e-07 7.394048 -0.1286436 -1.192093e-07 6.412564 -0.2547586 -1.192093e-07 4.907022 -1.368486 -1.192093e-07 4.945562 -0.934435 -1.192093e-07 5.466785 -0.2336998 -1.192093e-07 3.809433 -0.4470149 -1.192093e-07 1.69835 0.02530585 -1.192093e-07 0.2198553 -0.02317203 -1.192093e-07 -9.375 -5 -1.192093e-07 -8.125 -5 -1.192093e-07 -6.875 -5 -1.192093e-07 -5.625 -5 -1.192093e-07 -4.151801 -5 0.4322895 -4.375 -5 -1.192093e-07 -3.125 -5 -1.192093e-07 -1.875 -5 -1.192093e-07 -0.625 -5 -1.192093e-07 0.625 -5 -1.192093e-07 1.875 -5 -1.192093e-07 2.401849 -5 0.26803 3.125 -5 -1.192093e-07 4.375 -5 -1.192093e-07 5.625 -5 -1.192093e-07 6.875 -5 -1.192093e-07 8.125 -5 -1.192093e-07 9.375 -5 -1.192093e-07 -8.308954 -4.042774 -1.192093e-07 -6.116397 -2.636305 -1.192093e-07 -8.40472 -2.670826 -1.192093e-07 -4.103439 -2.160289 -1.192093e-07 -3.337046 -1.806791 -1.192093e-07 -2.211087 -1.042866 -1.192093e-07 -1.380843 -0.761246 -1.192093e-07 -0.89665 -0.7456515 -1.192093e-07 -7.750441 -0.1721783 -1.192093e-07 -9.005632 -0.2275182 -1.192093e-07 0.9425189 0.5064021 -1.192093e-07 2.812331 1.53044 -1.192093e-07 4.097332 2.176916 -1.192093e-07 0.4553776 4.623596 -1.192093e-07 7.112192 3.821866 -1.192093e-07 5.256985 4.737629 -1.192093e-07 9.154167 4.680539 -1.192093e-07 9.616142 4.667347 -1.192093e-07 9.375 5 -1.192093e-07 8.125 5 -1.192093e-07 6.875 5 -1.192093e-07 5.625 5 -1.192093e-07 2.91714 4.599971 -1.192093e-07 4.023021 4.752063 -1.192093e-07 4.375 5 -1.192093e-07 3.125 5 -1.192093e-07 1.875 5 -1.192093e-07 0.625 5 -1.192093e-07 -4.69803 4.761451 -1.192093e-07 -2.246898 4.62773 -1.192093e-07 -0.9489771 4.698939 -1.192093e-07 -0.625 5 -1.192093e-07 -1.875 5 -1.192093e-07 -3.125 5 -1.192093e-07 -4.375 5 -1.192093e-07 -5.625 5 -1.192093e-07 -6.875 5 -1.192093e-07 -8.125 5 -1.192093e-07 -9.375 5 -1.192093e-07 4.152916 5 0.4324404 -2.401849 5 0.26803 -6.539331 -4.782725 -1.192093e-07 -5.240918 -4.708038 -1.192093e-07 -1.516421 -4.738133 -1.192093e-07 0.9457822 -4.700572 -1.192093e-07 3.508437 -4.572958 -1.192093e-07 4.741991 -4.769899 -1.192093e-07 7.238678 -4.729788 -1.192093e-07 5.923631 0.0161017 -1.192093e-07 6.410017 0.2343532 -1.192093e-07 8.623811 1.252647 -1.192093e-07 6.04672 2.638527 -1.192093e-07 7.234585 3.360085 -1.192093e-07 8.451137 2.652706 -1.192093e-07 -3.030482 4.454816 -1.192093e-07 3.362866 0.3293893 -1.192093e-07 -4.29549 1.108822 -1.192093e-07 -7.675322 -4.579247 -1.192093e-07 8.775757 -0.2482732 -1.192093e-07 4.238388 -5 0.3518806 -4.238388 5 0.3518806 -6.075651 1.773869 -1.192093e-07 -0.8414518 4.267643 -1.192093e-07 0.84161 -4.26899 -1.192093e-07 6.46368 0.8134011 -1.192093e-07 8.616977 2.283105 -1.192093e-07 -4.37101 0.1991726 -1.192093e-07 1.060174 3.39417 -1.192093e-07 -6.515756 -5 0.6007514 -7.055556 -4.613854 -1.192093e-07 -1.051016 -3.382625 -1.192093e-07 6.515756 5 0.6007514 7.153547 -5 0.606524 -7.865563 -1.229927 -1.192093e-07 -7.273937 3.821256 -1.192093e-07 -7.157445 5 0.6083269 3.180735 -1.701693 -1.192093e-07 0.5445388 -2.20785 -1.192093e-07 1.288472 -1.15923 -1.192093e-07 5.575811 1.531193 -1.192093e-07 5.344535 2.571841 -1.192093e-07 -4.407901 0.6639017 -1.192093e-07 0.8903949 -5 0.526118 -10 -5 0.5 -9.60096 -3.330197 -1.192093e-07 -9.603787 -2.71097 -1.192093e-07 -9.613567 -2.085935 -1.192093e-07 -8.36253 -1.519995 -1.192093e-07 -9.625217 -1.469154 -1.192093e-07 -9.66728 -0.9694018 -1.192093e-07 5.219038 2.884035 -1.192093e-07 -3.440844 3.217886 -1.192093e-07 10 5 0.5 -0.8903949 5 0.526118 -9.664267 -5 0.7620171 -5.235828 -2.866755 -1.192093e-07 3.647943 0.04627811 -1.192093e-07 9.664267 5 0.7620171 1.840601 4.405496 -1.192093e-07 -0.5353174 -3.476893 -1.192093e-07 -0.3739015 1.961094 -1.192093e-07 1.777955 -1.097499 -1.192093e-07 -7.056885 -2.693653 -1.192093e-07 6.439787 4.680127 -1.192093e-07 -0.5545272 1.178841 -1.192093e-07 -9.600369 3.695379 -1.192093e-07 -9.579082 2.610205 -1.192093e-07 9.643152 -2.639307 -1.192093e-07 9.609233 -1.397717 -1.192093e-07 1.228527 0.9370608 -1.192093e-07 4.516227 0.5040584 -1.192093e-07 7.269353 0.3779438 -1.192093e-07 -2.596378 3.458057 -1.192093e-07 -7.222343 -3.474046 -1.192093e-07 0.002122331 2.695172 -1.192093e-07 -9.615787 -3.918404 -1.192093e-07 -5.667429 -2.647282 -1.192093e-07 -3.93844 3.799278 -1.192093e-07 -0.2570688 -2.02797 -1.192093e-07 8.608171 0.2664749 -1.192093e-07 -0.09084991 0.4832639 -1.192093e-07 -0.03959681 -3.350073 -1.192093e-07 0.06695048 -0.3858657 -1.192093e-07 -8.398514 -2.116251 -1.192093e-07 3.57567 -2.387366 -1.192093e-07 9.597781 -4.125102 -1.192093e-07 -7.236212 5 0.2242269 3.782064 -1.254548 -1.192093e-07 5.349381 -2.112449 -1.192093e-07 -9.572709 -4.502028 -1.192093e-07 9.626937 0.3118235 -1.192093e-07 2.997 -3.112803 -1.192093e-07 -6.48651 -4.443498 -1.192093e-07 6.388843 -4.175817 -1.192093e-07 9.075666 1.026628 -1.192093e-07 7.230853 -5 0.2244605 -7.333619 4.672114 -1.192093e-07 9.2152 -0.4617624 -1.192093e-07 9.690813 -2.22392 -1.192093e-07 1.408156 -1.490867 -1.192093e-07 3.118841 4.236783 -1.192093e-07 1.279288 -5 0.4715194 -1.279288 5 0.4715194 9.164056 2.892221 -1.192093e-07 8.97197 2.513774 -1.192093e-07 9.641908 -3.577821 -1.192093e-07 -7.743923 -5 0.6990453 7.743923 5 0.6990453 -8.331554 -0.930232 -1.192093e-07 -4.737865 -5 0.5029903 4.737906 5 0.5029965 -10 -4.198939 0.6571273 10 4.185616 0.644724 1.434204 -4.535553 -1.192093e-07 2.581759 -3.523852 -1.192093e-07 4.245916 -2.668946 -1.192093e-07 7.355304 -2.841291 -1.192093e-07 9.093746 3.901127 -1.192093e-07 -2.890924 -1.490598 -1.192093e-07 -2.330409 -4.70782 -1.192093e-07 8.786461 3.21965 -1.192093e-07 -6.845491 0.1526628 -1.192093e-07 -3.15503 -0.7023714 -1.192093e-07 -8.236763 3.530648 -1.192093e-07 0.02606612 3.747885 -1.192093e-07 8.924872 -4.073343 -1.192093e-07 -9.304749 1.941246 -1.192093e-07 -2.804015 2.545159 -1.192093e-07 -5.529867 -3.240978 -1.192093e-07 5.75964 2.959531 -1.192093e-07 -2.892317 -4.52986 -1.192093e-07 -9.597454 1.561611 -1.192093e-07 9.657891 0.8424461 -1.192093e-07 -5.295184 -5 0.4585805 5.295184 5 0.4585805</float_array>
          <technique_common>
            <accessor count="1257" source="#verts-array-array" stride="3">
              <param type="float" name="X"/>
              <param type="float" name="Y"/>
              <param type="float" name="Z"/>
            </accessor>
          </technique_common>
        </source>
        <source id="normals-array">
          <float_array count="3771" id="normals-array-array">-0.7071068 -0.7071068 0 -0.5773503 -0.5773503 0.5773503 -0.7071068 0.7071068 0 -0.5773503 0.5773503 0.5773503 0.7071068 -0.7071068 0 0.5773503 -0.5773503 0.5773503 0.7071068 0.7071068 0 0.5773503 0.5773503 0.5773503 -0.7071068 0.7071068 0 1 0 0 0.7071068 0 0.7071068 -1 0 0 -0.7071068 0 0.7071068 0.7071068 -0.7071068 0 0 1 0 1 0 0 -1 0 0 0 -1 0 0 1 0 1 0 0 0.7071068 0 0.7071068 0 0 1 -1 0 0 0 -1 0 1 0 0 -0.7071068 0 0.7071068 0 0 1 -1 0 0 0 0.7071068 0.7071068 0 1 0 1 0 0 1 0 0 0.7071068 0 0.7071068 0 0 1 0 0 1 0 -0.7071068 0.7071068 -1 0 0 -1 0 0 -0.7071068 0 0.7071068 0 -1 0 0 1 0 0 1 0 1 0 0 1 0 0 -1 0 0 -1 0 0 0 -1 0 0 -1 0 0 0 1 0 0 1 0 0 1 0 0 1 0 0 1 0 1 0 0 1 0 1 0 0 0.7071068 0 0.7071068 1 0 0 0.7071068 0 0.7071068 0 0 1 0 0 1 0 0 1 0 0 1 0 0 1 -1 0 0 -0.7071068 0 0.7071068 -1 0 0 -0.7071068 0 0.7071068 0 -1 0 0 -1 0 0 1 0 0 1 0 0 1 0 1 0 0 1 0 0 1 0 0 0 0 1 0 0 1 0 0 1 0 0 1 0 0 1 0 0 1 -1 0 0 -1 0 0 -1 0 0 -1 0 0 0 -1 0 0 -1 0 0 -1 0 0 1 0 1 0 0 0 0 1 0 0 1 0.7071068 0 0.7071068 0 0 1 -1 0 0 0 -1 0 1 0 0 -0.7071068 0 0.7071068 0 0 1 0 0 1 -1 0 0 0 1 0 0 0.7071068 0.7071068 0 0.7071068 0.7071068 1 0 0 1 0 0 0.7071068 0 0.7071068 0 0 1 0 0 1 0 0 1 0 0 1 0 0 1 0 -0.7071068 0.7071068 0 -0.7071068 0.7071068 -1 0 0 -1 0 0 -0.7071068 0 0.7071068 0 -1 0 0 1 0 0 1 0 0 1 0 1 0 0 1 0 0 1 0 0 0 0 1 -1 0 0 -1 0 0 -1 0 0 0 -1 0 0 -1 0 0 -1 0 0 0 1 0 0 1 0 0 1 0 0 1 0 0 1 0 0 1 0.7071068 0 0.7071068 0.7071068 0 0.7071068 0 0 1 0 0 1 0 0 1 -0.7071068 0 0.7071068 -0.7071068 0 0.7071068 0 1 0 0 1 0 0 1 0 0 1 0 1 0 0 1 0 0 1 0 0 0 0 1 0 0 1 0 0 1 0 0 1 -1 0 0 -1 0 0 -1 0 0 0 -1 0 0 -1 0 0 -1 0 0 -1 0 0 1 0 1 0 0 1 0 0 0 0 1 0 0 1 0 0 1 0 0 1 0 0 1 0 0 1 0 0 1 -1 0 0 -1 0 0 0 -1 0 0 0 1 0 0 1 0 0 1 0 0 1 0 0 1 0 0 1 0 1 0 0 1 0 0.7071068 0 0.7071068 1 0 0 1 0 0 0.7071068 0 0.7071068 0 0 1 0 0 1 0 0 1 0 0 1 0 0 1 0 0 1 0 0 1 0 0 1 0 0 1 0 0 1 0 0 1 0 0 1 0 0 1 -0.7071068 0 0.7071068 -1 0 0 -1 0 0 -0.7071068 0 0.7071068 0 -1 0 0 -1 0 0 1 0 0 1 0 0 1 0 1 0 0 1 0 0 1 0 0 1 0 0 1 0 0 0 0 1 0 0 1 0 0 1 0 0 1 0 0 1 0 0 1 0 0 1 0 0 1 0 0 1 0 0 1 0 0 1 0 0 1 0 0 1 0 0 1 0 0 1 -1 0 0 -1 0 0 -1 0 0 -1 0 0 -1 0 0 0 -1 0 0 -1 0 0 -1 0 0 0 1 0 0 1 0 0 1 0 0 1 0 0 1 0 0 1 0 0 1 0 0 1 0 0 1 0 0 1 0 0 1 0 0 1 0 1 0 0.7071068 0 0.7071068 1 0 0 1 0 0 0.7071068 0 0.7071068 0 0 1 0 0 1 0 0 1 0 0 1 0 0 1 0 0 1 0 0 1 -0.7071068 0 0.7071068 -1 0 0 -1 0 0 -0.7071068 0 0.7071068 0 -1 0 0 1 0 0 1 0 0 1 0 0 1 0 0 1 0 1 0 0 1 0 0 1 0 0 1 0 0 0 0 1 0 0 1 0 0 1 0 0 1 0 0 1 0 0 1 0 0 1 0 0 1 0 0 1 -1 0 0 -1 0 0 -1 0 0 -1 0 0 0 -1 0 0 -1 0 0 -1 0 0 -1 0 0 -1 0 0 1 0 0 1 0 1 0 0 1 0 0 0 0 1 0 0 1 0 0 1 0.7071068 0 0.7071068 0 0 1 -1 0 0 -1 0 0 0 -1 0 0 -1 0 0 1 0 -0.7071068 0 0.7071068 0 0 1 0 0 1 0 0 1 0 -1 0 0 1 0 0 0.7071068 0.7071068 0 0.7071068 0.7071068 0 1 0 0 0.7071068 0.7071068 0 0.7071068 0.7071068 1 0 0 0.7071068 0 0.7071068 0 0 1 0 0 1 0 0 1 0 0 1 0 0 1 0 -0.7071068 0.7071068 0 -0.7071068 0.7071068 0 0 1 0 -0.7071068 0.7071068 0 -0.7071068 0.7071068 -1 0 0 -0.7071068 0 0.7071068 0 -1 0 0 -1 0 0 1 0 0 1 0 0 1 0 1 0 0 1 0 0 0 0 1 0 0 1 -1 0 0 -1 0 0 0 -1 0 0 -1 0 0 -1 0 0 0 1 0 0 1 0 0 1 0 0 1 0 1 0 0 0 1 0 0 1 0 0 1 0 -1 0 0 0 1 0 0 1 0 0 1 0 0 1 0 1 0 0 0 1 0 0 1 0 0 1 0 0 1 0 0 1 0 0 1 0 0 1 0 0 1 0 0 1 0 -1 0 0 1 0 0 1 0 0 1 0 0 1 0 1 0 0 0 0 1 0 0 1 0 0 1 0 0 1 0 0 1 0 0 1 0 0 1 0 0 1 0 0 1 -1 0 0 0 -1 0 0 -1 0 0 -1 0 0 -1 0 0 0 1 0 0 1 0 0 1 0 0 1 0 0 1 0 0 1 0 0 1 0 0 1 0 0 1 0 0 1 0 0 1 0 0 1 0 1 0 0 1 0 0 1 0 0 0 1 0 0 1 0 0 1 0 0 1 0 0 1 0 0 1 0 -1 0 0 -1 0 0 -1 0 0 1 0 0 1 0 0 0 1 0 0 1 0 0 1 0 0 1 0 -1 0 0 -1 0 0 0 1 0 0 1 0 0 1 0 0 1 0 1 0 0 1 0 0 1 0 0 1 0 0 0 1 0 0 1 0 0 1 0 0 1 0 0 1 0 0 1 0 0 1 0 0 1 0 0 1 0 0 1 0 0 1 0 0 1 0 0 1 0 0 1 0 0 1 0 0 1 0 0 1 0 0 1 0 0 1 0 0 1 0 0 1 0 0 1 0 0 1 0 0 1 0 0 1 0 -1 0 0 -1 0 0 -1 0 0 -1 0 0 1 0 0 1 0 0 1 0 0 1 0 1 0 0 0 0 1 0 0 1 0 0 1 0 0 1 0 0 1 0 0 1 0 0 1 0 0 1 0 0 1 0 0 1 0 0 1 0 0 1 0 0 1 0 0 1 0 0 1 0 0 1 0 0 1 0 0 1 0 0 1 0 0 1 0 0 1 0 0 1 0 0 1 0 0 1 -1 0 0 0 -1 0 0 -1 0 0 -1 0 0 -1 0 0 0 1 0 0 1 0 0 1 0 0 1 0 0 1 0 0 1 0 1 0 0 1 0 0 0 1 0 0 1 0 0 1 0 0 1 0 -1 0 0 -1 0 0 0 1 0 0 1 0 0 1 0 0 1 0 0 1 0 0 1 0 0 1 0 0 1 0 1 0 0 1 0 0 0 1 0 0 1 0 0 1 0 0 1 0 0 1 0 0 1 0 0 1 0 0 1 0 0 1 0 0 1 0 0 1 0 0 1 0 0 1 0 0 1 0 0 1 0 0 1 0 0 1 0 0 1 0 0 1 0 0 1 0 0 1 0 -1 0 0 -1 0 0 1 0 0 1 0 0 1 0 0 0 1 0 0 1 0 0 1 0 0 1 0 0 1 0 0 1 0 0 1 0 0 1 0 0 1 0 0 1 0 0 1 0 0 1 0 0 1 0 0 1 0 0 1 0 0 1 0 0 1 0 0 1 0 -1 0 0 -1 0 0 -1 0 0 0 1 0 0 1 0 1 0 0 0 1 0 0 1 0 0 1 0 0 1 0 0 1 0 0 1 0 0 1 0 0 1 0 0 1 0 0 1 0 0 1 0 -1 0 0 1 0 0 1 0 0 1 0 0 1 0 0 1 0 1 0 0 0 0 1 0 0 1 0 0 1 0 0 1 0 0 1 0 0 1 0 0 1 0 0 1 0 0 1 0 0 1 0 0 1 0 0 1 -1 0 0 0 -1 0 0 -1 0 0 -1 0 0 -1 0 0 -1 0 0 1 0 0 1 0 0 0 1 0 0 1 0 0 1 0 0 1 0 -1 0 0 -1 0 1 0 0 0 0 1 0 0 1 0 0 1 -1 0 0 0 0.7071068 0.7071068 0 0.7071068 0.7071068 0 0.7071068 0.7071068 0 0.7071068 0.7071068 0 1 0 0 0.7071068 0.7071068 0 1 0 0 0.7071068 0.7071068 0 1 0 0 1 0 0 0.7071068 0.7071068 0 0.7071068 0.7071068 1 0 0 1 0 0 0 0 1 0 0 1 0 0 1 0 0 1 0 0 1 0 0 1 0 0 1 0 -0.7071068 0.7071068 0 -0.7071068 0.7071068 0 -0.7071068 0.7071068 0 -0.7071068 0.7071068 0 0 1 0 -0.7071068 0.7071068 0 -0.7071068 0.7071068 0 -0.7071068 0.7071068 0 -0.7071068 0.7071068 -1 0 0 -1 0 0 0 -1 0 0 -1 0 0 -1 0 0 -1 0 0 1 0 0 1 0 0 1 0 1 0 0 0 0 1 -1 0 0 0 -1 0 0 -1 0 0 -1 0 0 0 1 1 0 0 -1 0 0 0 0 1 0 0 1 0 0 1 0 0 1 0 0 1 0 0 1 0 0 1 0 0 1 0 0 1 0 0 1 0 0 1 0 0 1 0 0 1 0 0 1 0 0 1 0 0 1 0 0 1 0 0 1 0 0 1 0 0 1 0 0 1 0 0 1 0 0 1 0 0 1 0 0 1 0 0 1 0 0 1 0 0 1 0 0 1 0 0 1 0 0 1 0 0 1 0 0 1 0 0 1 0 0 1 0 0 1 0 0 1 0 0 1 0 0 1 0 0 1 0 0 1 0 0 1 0 0 1 0 0 1 0 0 1 0 0 1 0 0 1 0 0 1 0 0 1 0 0 1 0 0 1 0 0 1 0 0 1 0 0 1 0 0 1 0 0 1 0 0 1 0 0 1 0 0 1 0 0 1 0 0 1 0 1 0 0 0 1 0 0 1 0 0 1 0 0 1 0 0 1 0 0 1 0 0 1 0 0 1 0 0 1 0 -1 0 0 0 1 0 0 1 0 0 1 0 0 1 0 0 1 0 0 1 0 0 1 0 0 1 0 0 1 0 0 1 0 0 1 0 0 1 0 0 1 0 0 1 0 0 1 0 0 1 0 0 1 0 0 1 0 0 1 0 0 1 0 0 1 0 0 1 0 0 1 0 0 1 0 0 1 0 0 1 0 0 1 0 0 1 0 0 1 0 0 1 0 0 1 0 0 1 0 0 1 0 0 1 0 0 1 0 0 1 0 0 1 0 0 1 0 0 1 0 0 1 1 0 0 0 0 1 0 0 1 0 0 1 0 0 1 0 0 1 0 0 1 0 0 1 0 0 1 0 0 1 0 0 1 0 0 1 -1 0 0 0 1 0 0 1 0 0 0 1 0 0 1 0 0 1 0 0 1 0 0 1 0 0 1 0 0 1 0 0 1 0 0 1 0 0 1 0 0 1 0 0 1 0 0 1 0 0 1 0 0 1 0 0 1 0 0 1 0 0 1 0 0 1 0 0 1 0 0 1 0 0 1 0 0 1 0 0 1 0 0 1 0 0 1 0 0 1 0 0 1 0 0 1 0 0 1 0 0 1 0 0 1 0 0 1 0 0 1 0 0 1 0 0 1 0 0 1 0 0 1 0 0 1 0 0 1 0 0 1 0 -1 0 0 -1 0 0 0 1 0 0 1 0 0 1 0 0 1 0 0 1 0 0 1 0 0 1 0 0 1 0 0 1 0 0 1 0 0 1 0 0 1 0 0 1 0 0 1 0 0 1 0 0 1 0 0 1 0 0 1 0 0 1 0 0 1 0 0 1 0 0 1 0 0 1 0 0 1 0 0 1 0 0 1 0 0 1 0 0 1 0 0 1 0 0 1 0 0 1 0 0 1 0 0 1 0 0 1 0 0 1 0 0 1 0 0 1 0 0 1 0 0 1 0 0 1 0 0 1 0 0 1 0 0 1 0 0 1 0 0 1 0 0 1 0 0 1 0 0 1 0 0 1 0 0 1 0 0 1 0 0 1 0 0 1 0 0 1 0 0 1 0 0 1 0 0 1 0 0 1 0 0 1 0 0 1 0 0 1 0 0 1 0 0 1 0 0 1 0 0 1 0 0 1 0 0 1 0 0 1 0 0 1 0 0 1 0 0 1 0 0 1 0 0 1 0 0 1 0 0 1 0 0 1 0 0 1 0 0 1 0 0 1 0 0 1 0 0 1 0 0 1 0 0 1 0 0 1 0 0 1 0 0 1 0 0 1 0 0 1 0 0 1 0 0 1 0 0 1 0 0 1 0 0 1 0 0 1 0 0 1 0 0 1 0 0 1 0 0 1 0 0 1 0 0 1 0 0 1 0 0 1 0 0 1 0 0 1 0 0 1 0 0 1 0 0 1 0 0 1 0 0 1 0 0 1 0 0 1 0 0 1 0 0 1 0 0 1 0 0 1 0 0 1 0 0 1 0 0 1 0 0 1 0 0 1 0 0 1 0 0 1 0 0 1 0 0 1 0 0 1 0 0 1 0 0 1 0 0 1 0 0 1 0 0 1 0 0 1 0 0 1 0 0 1 0 0 1 0 0 1 0 0 1 0 0 1 0 0 1 0 0 1 0 0 1 0 0 1 0 0 1 0 0 1 0 0 1 0 0 1 0 0 1 0 0 1 0 0 1 0 0 1 0 0 1 0 0 1 0 0 1 0 0 1 0 0 1 0 0 1 0 0 1 0 0 1 0 0 1 0 0 1 0 0 1 0 0 1 0 0 1 0 0 1 0 0 1 0 0 1 0 0 1 0 0 1 0 0 1 0 0 1 0 0 1 0 0 1 0 0 1 0 0 1 0 0 1 0 0 1 0 0 1 0 0 1 0 0 1 0 0 1 0 0 1 0 0 1 0 0 1 0 0 1 0 0 1 0 0 1 0 0 1 0 0 1 0 0 1 0 0 1 0 0 1 0 0 1 0 0 1 0 0 1 0 0 1 0 0 1 0 0 1 0 0 1 0 0 1 0 0 1 0 0 1 0 0 1 0 0 1 0 0 1 0 0 1 0 0 1 0 0 1 0 0 1 0 0 1 0 0 1 0 0 1 0 0 1 0 0 1 0 0 1 0 0 1 0 0 1 0 0 1 0 0 1 0 0 1 0 0 1 0 0 1 0 0 1 0 0 1 0 0 1 0 0 1 0 0 1 0 0 1 0 0 1 0 0 1 0 0 1 0 0 1 0 0.7071068 0.7071068 0 0.7071068 0.7071068 0 0.7071068 0.7071068 0 0.7071068 0.7071068 0 1 0 0 0.7071068 0.7071068 0 0.7071068 0.7071068 0 0.7071068 0.7071068 0 0.7071068 0.7071068 0 0.7071068 0.7071068 0 0.7071068 0.7071068 0 1 0 0 0.7071068 0.7071068 0 0.7071068 0.7071068 0 0.7071068 0.7071068 0 0.7071068 0.7071068 0 0.7071068 0.7071068 0 0.7071068 0.7071068 0 0 1 0 0 1 0 0 1 0 0 1 0 0 1 0 0 1 0 0 1 0 0 1 0 0 1 0 0 1 0 0 1 0 0 1 0 0 1 0 0 1 0 0 1 0 0 1 0 0 1 0 0 1 0 -0.7071068 0.7071068 0 -0.7071068 0.7071068 0 -0.7071068 0.7071068 0 -0.7071068 0.7071068 0 0 1 0 0 1 0 -0.7071068 0.7071068 0 -0.7071068 0.7071068 0 -0.7071068 0.7071068 0 -0.7071068 0.7071068 0 0 1 0 0 1 0 0 1 0 -0.7071068 0.7071068 0 -0.7071068 0.7071068 0 -0.7071068 0.7071068 0 -0.7071068 0.7071068 0 -0.7071068 0.7071068 0 -0.7071068 0.7071068 0 -0.7071068 0.7071068 0 -0.7071068 0.7071068 0 -1 0 0 -1 0 0 0 1 0 0 1 0 0 1 0 0 1 0 0 1 0 0 1 0 0 1 0 0 1 0 0 1 0 0 1 0 0 1 0 0 1 0 0 1 0 0 1 0 0 1 0 0 1 0 0 1 0 0 1 0 1 0 0 -1 0 0 0 1 0 0 1 0 0 1 0 0 1 0 0 1 0 0 1 0 0 1 0 1 0 0 0 1 0 0 1 0 -1 0 0 1 0 0 0 1 0 0 1 0 -1 0 0 0 1 0 0 1 0 0 1 0 0 1 0 0 1 0 0 1 0 1 0 0.7071068 0.7071068 0 0 0 1 0 0 1 0 0 1 0 0 1 0 0 1 0 0 1 0 0 1 0 0 1 -0.7071068 -0.7071068 0 0 -1 0 0 1 0 0 0 1 0 0 1 0 -1 0 0 0 1 0 0 1 0 0 1 0 0 1 0 0 1 0 0 1 0 0 1 0 0 1 0 0 1 0 0 1 0 0 1 0 0 1 0 0 1 0 0 1 0 0 1 0 0 1 0 0 1 0 0 1 0 0 1 0 0 1 0 0 1 0 0 1 0 0 1 0 0 1 0 0 1 0 0 1 0 0 1 0 0 1 0 -1 0 0 0 1 0 0 1 0 0 1 0 0 1 0 0 1 0 0 1 0 0 1 0 0 1 0 1 0 0 0 1 0 0 1 0 0 1 0 0 1 0 0 1 0 1 0 0 -1 0 0 0 1 0 0 1 0 0 1 0 1 0 0 -1 0 0 0 1 0 1 0 0 -1 0 1 0 0 -1 0 0 0 0 1 0 0 1 0 0 1 0 0 1 0 0 1 0 0 1 0 0 1 0 0 1 0 0 1 0 0 1 0 0 1 0 0 1 0 0 1 0 0 1 0 0 1 0 0 1 0 0 1 0 0 1 0 0 1 0 0 1 0 1 0 0 -1 0</float_array>
          <technique_common>
            <accessor count="1257" source="#normals-array-array" stride="3">
              <param type="float" name="X"/>
              <param type="float" name="Y"/>
              <param type="float" name="Z"/>
            </accessor>
          </technique_common>
        </source>
        <source id="texcoords-array">
          <float_array count="2514" id="texcoords-array-array">0 0 0 0 0 0 0 0 0 0 0 0 0 0 0 0 0 0 0 0 0 0 0 0 0 0 0 0 0 0 0 0 0 0 0 0 0 0 0 0 0 0 0 0 0 0 0 0 0 0 0 0 0 0 0 0 0 0 0 0 0 0 0 0 0 0 0 0 0 0 0 0 0 0 0 0 0 0 0 0 0 0 0 0 0 0 0 0 0 0 0 0 0 0 0 0 0 0 0 0 0 0 0 0 0 0 0 0 0 0 0 0 0 0 0 0 0 0 0 0 0 0 0 0 0 0 0 0 0 0 0 0 0 0 0 0 0 0 0 0 0 0 0 0 0 0 0 0 0 0 0 0 0 0 0 0 0 0 0 0 0 0 0 0 0 0 0 0 0 0 0 0 0 0 0 0 0 0 0 0 0 0 0 0 0 0 0 0 0 0 0 0 0 0 0 0 0 0 0 0 0 0 0 0 0 0 0 0 0 0 0 0 0 0 0 0 0 0 0 0 0 0 0 0 0 0 0 0 0 0 0 0 0 0 0 0 0 0 0 0 0 0 0 0 0 0 0 0 0 0 0 0 0 0 0 0 0 0 0 0 0 0 0 0 0 0 0 0 0 0 0 0 0 0 0 0 0 0 0 0 0 0 0 0 0 0 0 0 0 0 0 0 0 0 0 0 0 0 0 0 0 0 0 0 0 0 0 0 0 0 0 0 0 0 0 0 0 0 0 0 0 0 0 0 0 0 0 0 0 0 0 0 0 0 0 0 0 0 0 0 0 0 0 0 0 0 0 0 0 0 0 0 0 0 0 0 0 0 0 0 0 0 0 0 0 0 0 0 0 0 0 0 0 0 0 0 0 0 0 0 0 0 0 0 0 0 0 0 0 0 0 0 0 0 0 0 0 0 0 0 0 0 0 0 0 0 0 0 0 0 0 0 0 0 0 0 0 0 0 0 0 0 0 0 0 0 0 0 0 0 0 0 0 0 0 0 0 0 0 0 0 0 0 0 0 0 0 0 0 0 0 0 0 0 0 0 0 0 0 0 0 0 0 0 0 0 0 0 0 0 0 0 0 0 0 0 0 0 0 0 0 0 0 0 0 0 0 0 0 0 0 0 0 0 0 0 0 0 0 0 0 0 0 0 0 0 0 0 0 0 0 0 0 0 0 0 0 0 0 0 0 0 0 0 0 0 0 0 0 0 0 0 0 0 0 0 0 0 0 0 0 0 0 0 0 0 0 0 0 0 0 0 0 0 0 0 0 0 0 0 0 0 0 0 0 0 0 0 0 0 0 0 0 0 0 0 0 0 0 0 0 0 0 0 0 0 0 0 0 0 0 0 0 0 0 0 0 0 0 0 0 0 0 0 0 0 0 0 0 0 0 0 0 0 0 0 0 0 0 0 0 0 0 0 0 0 0 0 0 0 0 0 0 0 0 0 0 0 0 0 0 0 0 0 0 0 0 0 0 0 0 0 0 0 0 0 0 0 0 0 0 0 0 0 0 0 0 0 0 0 0 0 0 0 0 0 0 0 0 0 0 0 0 0 0 0 0 0 0 0 0 0 0 0 0 0 0 0 0 0 0 0 0 0 0 0 0 0 0 0 0 0 0 0 0 0 0 0 0 0 0 0 0 0 0 0 0 0 0 0 0 0 0 0 0 0 0 0 0 0 0 0 0 0 0 0 0 0 0 0 0 0 0 0 0 0 0 0 0 0 0 0 0 0 0 0 0 0 0 0 0 0 0 0 0 0 0 0 0 0 0 0 0 0 0 0 0 0 0 0 0 0 0 0 0 0 0 0 0 0 0 0 0 0 0 0 0 0 0 0 0 0 0 0 0 0 0 0 0 0 0 0 0 0 0 0 0 0 0 0 0 0 0 0 0 0 0 0 0 0 0 0 0 0 0 0 0 0 0 0 0 0 0 0 0 0 0 0 0 0 0 0 0 0 0 0 0 0 0 0 0 0 0 0 0 0 0 0 0 0 0 0 0 0 0 0 0 0 0 0 0 0 0 0 0 0 0 0 0 0 0 0 0 0 0 0 0 0 0 0 0 0 0 0 0 0 0 0 0 0 0 0 0 0 0 0 0 0 0 0 0 0 0 0 0 0 0 0 0 0 0 0 0 0 0 0 0 0 0 0 0 0 0 0 0 0 0 0 0 0 0 0 0 0 0 0 0 0 0 0 0 0 0 0 0 0 0 0 0 0 0 0 0 0 0 0 0 0 0 0 0 0 0 0 0 0 0 0 0 0 0 0 0 0 0 0 0 0 0 0 0 0 0 0 0 0 0 0 0 0 0 0 0 0 0 0 0 0 0 0 0 0 0 0 0 0 0 0 0 0 0 0 0 0 0 0 0 0 0 0 0 0 0 0 0 0 0 0 0 0 0 0 0 0 0 0 0 0 0 0 0 0 0 0 0 0 0 0 0 0 0 0 0 0 0 0 0 0 0 0 0 0 0 0 0 0 0 0 0 0 0 0 0 0 0 0 0 0 0 0 0 0 0 0 0 0 0 0 0 0 0 0 0 0 0 0 0 0 0 0 0 0 0 0 0 0 0 0 0 0 0 0 0 0 0 0 0 0 0 0 0 0 0 0 0 0 0 0 0 0 0 0 0 0 0 0 0 0 0 0 0 0 0 0 0 0 0 0 0 0 0 0 0 0 0 0 0 0 0 0 0 0 0 0 0 0 0 0 0 0 0 0 0 0 0 0 0 0 0 0 0 0 0 0 0 0 0 0 0 0 0 0 0 0 0 0 0 0 0 0 0 0 0 0 0 0 0 0 0 0 0 0 0 0 0 0 0 0 0 0 0 0 0 0 0 0 0 0 0 0 0 0 0 0 0 0 0 0 0 0 0 0 0 0 0 0 0 0 0 0 0 0 0 0 0 0 0 0 0 0 0 0 0 0 0 0 0 0 0 0 0 0 0 0 0 0 0 0 0 0 0 0 0 0 0 0 0 0 0 0 0 0 0 0 0 0 0 0 0 0 0 0 0 0 0 0 0 0 0 0 0 0 0 0 0 0 0 0 0 0 0 0 0 0 0 0 0 0 0 0 0 0 0 0 0 0 0 0 0 0 0 0 0 0 0 0 0 0 0 0 0 0 0 0 0 0 0 0 0 0 0 0 0 0 0 0 0 0 0 0 0 0 0 0 0 0 0 0 0 0 0 0 0 0 0 0 0 0 0 0 0 0 0 0 0 0 0 0 0 0 0 0 0 0 0 0 0 0 0 0 0 0 0 0 0 0 0 0 0 0 0 0 0 0 0 0 0 0 0 0 0 0 0 0 0 0 0 0 0 0 0 0 0 0 0 0 0 0 0 0 0 0 0 0 0 0 0 0 0 0 0 0 0 0 0 0 0 0 0 0 0 0 0 0 0 0 0 0 0 0 0 0 0 0 0 0 0 0 0 0 0 0 0 0 0 0 0 0 0 0 0 0 0 0 0 0 0 0 0 0 0 0 0 0 0 0 0 0 0 0 0 0 0 0 0 0 0 0 0 0 0 0 0 0 0 0 0 0 0 0 0 0 0 0 0 0 0 0 0 0 0 0 0 0 0 0 0 0 0 0 0 0 0 0 0 0 0 0 0 0 0 0 0 0 0 0 0 0 0 0 0 0 0 0 0 0 0 0 0 0 0 0 0 0 0 0 0 0 0 0 0 0 0 0 0 0 0 0 0 0 0 0 0 0 0 0 0 0 0 0 0 0 0 0 0 0 0 0 0 0 0 0 0 0 0 0 0 0 0 0 0 0 0 0 0 0 0 0 0 0 0 0 0 0 0 0 0 0 0 0 0 0 0 0 0 0 0 0 0 0 0 0 0 0 0 0 0 0 0 0 0 0 0 0 0 0 0 0 0 0 0 0 0 0 0 0 0 0 0 0 0 0 0 0 0 0 0 0 0 0 0 0 0 0 0 0 0 0 0 0 0 0 0 0 0 0 0 0 0 0 0 0 0 0 0 0 0 0 0 0 0 0 0 0 0 0 0 0 0 0 0 0 0 0 0 0 0 0 0 0 0 0 0 0 0 0 0 0 0 0 0 0 0 0 0 0 0 0 0 0 0 0 0 0 0 0 0 0 0 0 0 0 0 0 0 0 0 0 0 0 0 0 0 0 0 0 0 0 0 0 0 0 0 0 0 0 0 0 0 0 0 0 0 0 0 0 0 0 0 0 0 0 0 0 0 0 0 0 0 0 0 0 0 0 0 0 0 0 0 0 0 0 0 0 0 0 0 0 0 0 0 0 0 0 0 0 0 0 0 0 0 0 0 0 0 0 0 0 0 0 0 0 0 0 0 0 0 0 0 0 0 0 0 0 0 0 0 0 0 0 0 0 0 0 0 0 0 0 0 0 0 0 0 0 0 0 0 0 0 0 0 0 0 0 0 0 0 0 0 0 0 0 0 0 0 0 0 0 0 0 0 0 0 0 0 0 0 0 0 0 0 0 0 0 0 0 0 0 0 0 0 0 0 0 0 0 0 0 0 0 0 0 0 0 0 0 0 0 0 0 0 0 0 0 0 0 0 0 0 0 0 0 0 0 0 0 0 0 0 0 0 0 0 0 0 0 0 0 0 0 0 0 0 0 0 0 0 0 0 0 0 0 0 0 0 0 0 0 0 0 0 0 0 0 0 0 0 0 0 0 0 0 0 0 0 0 0 0 0 0 0 0 0 0 0 0 0 0 0 0 0 0 0 0 0 0 0 0 0 0 0 0 0 0 0 0 0 0 0 0 0 0 0 0 0 0 0 0 0 0 0 0 0 0 0 0 0 0 0 0 0 0 0 0 0 0 0 0 0 0 0 0 0 0 0 0 0 0 0 0 0 0 0 0 0 0 0 0 0 0 0 0 0 0 0 0 0 0 0 0 0 0 0 0 0 0 0 0 0 0 0 0 0 0 0 0 0 0 0 0 0 0 0 0 0 0 0 0 0 0 0 0 0 0 0 0 0 0 0 0 0 0 0 0 0 0 0 0 0 0 0 0 0 0 0 0 0 0 0 0 0 0 0 0 0 0 0 0 0 0 0 0 0 0 0 0 0 0 0 0 0 0 0 0 0 0 0 0 0 0 0 0 0 0 0 0 0 0 0 0 0 0 0 0 0 0 0 0 0 0 0 0 0 0 0 0 0 0 0 0 0 0 0 0 0 0 0 0 0 0 0 0 0 0 0 0 0 0 0 0 0 0 0 0 0 0 0 0 0 0 0 0 0 0 0 0 0 0 0 0 0 0 0 0 0 0 0 0 0 0 0 0 0 0 0 0 0 0 0 0 0 0 0 0 0 0 0 0 0 0 0 0 0 0 0 0 0 0 0 0 0 0 0 0 0 0 0 0 0 0 0 0 0 0 0 0 0 0 0 0 0 0 0 0 0 0 0 0 0 0 0 0 0 0 0 0 0 0 0 0 0 0 0 0 0 0 0 0 0 0 0 0 0 0 0 0 0 0 0 0 0 0 0 0 0 0 0 0 0 0 0 0 0 0 0 0 0 0 0 0 0 0 0 0 0 0 0 0 0 0 0 0 0 0 0 0 0 0 0 0 0 0 0 0 0 0 0 0 0 0 0 0 0 0 0 0 0 0 0 0 0 0 0 0 0 0 0 0 0 0 0 0 0 0 0 0 0 0 0 0 0 0 0 0</float_array>
          <technique_common>
            <accessor count="1257" source="#texcoords-array-array" stride="2">
              <param type="float" name="S"/>
              <param type="float" name="T"/>
            </accessor>
          </technique_common>
        </source>
        <vertices id="verts-array-vertices">
          <input semantic="POSITION" source="#verts-array"/>
        </vertices>
        <triangles count="2416" material="material0">
          <input offset="0" semantic="VERTEX" source="#verts-array-vertices"/>
          <input offset="1" semantic="NORMAL" source="#normals-array"/>
          <input offset="2" semantic="TEXCOORD" source="#texcoords-array"/>
          <p>10 10 10 296 296 296 139 139 139 12 12 12 303 303 303 144 144 144 2 2 2 429 429 429 351 351 351 15 15 15 611 611 611 150 150 150 16 16 16 615 615 615 157 157 157 4 4 4 458 458 458 355 355 355 18 18 18 516 516 516 360 360 360 23 23 23 539 539 539 370 370 370 6 6 6 372 372 372 1176 1176 1176 41 41 41 360 360 360 374 374 374 463 463 463 375 375 375 210 210 210 4 4 4 211 211 211 463 463 463 339 339 339 164 164 164 212 212 212 15 15 15 213 213 213 214 214 214 381 381 381 558 558 558 382 382 382 488 488 488 385 385 385 230 230 230 2 2 2 231 231 231 488 488 488 343 343 343 173 173 173 232 232 232 16 16 16 233 233 233 234 234 234 0 0 0 387 387 387 1179 1179 1179 47 47 47 370 370 370 389 389 389 243 243 243 392 392 392 391 391 391 251 251 251 56 56 56 252 252 252 19 19 19 274 274 274 253 253 253 254 254 254 58 58 58 165 165 165 262 262 262 65 65 65 263 263 263 22 22 22 287 287 287 264 264 264 265 265 265 67 67 67 174 174 174 71 71 71 499 499 499 404 404 404 500 500 500 89 89 89 72 72 72 655 655 655 338 338 338 584 584 584 30 30 30 252 252 252 584 584 584 272 272 272 42 42 42 273 273 273 274 274 274 31 31 31 275 275 275 657 657 657 342 342 342 597 597 597 36 36 36 263 263 263 597 597 597 285 285 285 44 44 44 286 286 286 287 287 287 45 45 45 288 288 288 87 87 87 505 505 505 413 413 413 506 506 506 96 96 96 88 88 88 603 603 603 429 429 429 415 415 415 296 296 296 9 9 9 214 214 214 303 303 303 11 11 11 234 234 234 609 609 609 458 458 458 421 421 421 268 268 268 269 269 269 146 146 146 290 290 290 291 291 291 160 160 160 313 313 313 459 459 459 1065 1065 1065 428 428 428 163 163 163 427 427 427 301 301 301 20 20 20 776 776 776 184 184 184 105 105 105 319 319 319 97 97 97 149 149 149 319 319 319 186 186 186 106 106 106 1233 1233 1233 445 445 445 687 687 687 688 688 688 308 308 308 25 25 25 788 788 788 201 201 201 115 115 115 331 331 331 101 101 101 156 156 156 331 331 331 203 203 203 116 116 116 1234 1234 1234 333 333 333 489 489 489 1101 1101 1101 457 457 457 175 175 175 456 456 456 1228 1228 1228 462 462 462 102 102 102 120 120 120 461 461 461 462 462 462 55 55 55 56 56 56 138 138 138 42 42 42 584 584 584 338 338 338 296 296 296 214 214 214 297 297 297 43 43 43 164 164 164 339 339 339 165 165 165 212 212 212 164 164 164 64 64 64 65 65 65 143 143 143 44 44 44 597 597 597 342 342 342 303 303 303 234 234 234 304 304 304 45 45 45 173 173 173 343 343 343 174 174 174 232 232 232 173 173 173 1229 1229 1229 492 492 492 118 118 118 130 130 130 491 491 491 492 492 492 698 698 698 699 699 699 700 700 700 296 296 296 57 57 57 139 139 139 58 58 58 139 139 139 57 57 57 303 303 303 66 66 66 144 144 144 67 67 67 144 144 144 66 66 66 500 500 500 148 148 148 604 604 604 149 149 149 74 74 74 150 150 150 1233 1233 1233 75 75 75 151 151 151 75 75 75 1233 1233 1233 106 106 106 156 156 156 83 83 83 157 157 157 1234 1234 1234 85 85 85 158 158 158 85 85 85 1234 1234 1234 84 84 84 506 506 506 162 162 162 610 610 610 428 428 428 624 624 624 29 29 29 90 90 90 165 165 165 57 57 57 165 165 165 90 90 90 212 212 212 714 714 714 715 715 715 716 716 716 95 95 95 174 174 174 66 66 66 174 174 174 95 95 95 232 232 232 457 457 457 650 650 650 39 39 39 720 720 720 721 721 721 722 722 722 515 515 515 182 182 182 790 790 790 105 105 105 184 184 184 93 93 93 106 106 106 186 186 186 107 107 107 187 187 187 107 107 107 186 186 186 519 519 519 520 520 520 1244 1244 1244 115 115 115 201 201 201 98 98 98 116 116 116 203 203 203 117 117 117 204 204 204 117 117 117 203 203 203 538 538 538 205 205 205 833 833 833 1228 1228 1228 120 120 120 462 462 462 120 120 120 1228 1228 1228 541 541 541 18 18 18 41 41 41 208 208 208 542 542 542 209 209 209 515 515 515 4 4 4 463 463 463 13 13 13 210 210 210 13 13 13 463 463 463 211 211 211 122 122 122 375 375 375 123 123 123 124 124 124 90 90 90 213 213 213 123 123 123 214 214 214 123 123 123 213 213 213 124 124 124 2 2 2 488 488 488 8 8 8 230 230 230 8 8 8 488 488 488 231 231 231 126 126 126 385 385 385 127 127 127 128 128 128 95 95 95 233 233 233 127 127 127 234 234 234 127 127 127 233 233 233 128 128 128 1229 1229 1229 130 130 130 492 492 492 130 130 130 1229 1229 1229 562 562 562 23 23 23 47 47 47 236 236 236 563 563 563 237 237 237 538 538 538 564 564 564 390 390 390 746 746 746 50 50 50 239 239 239 747 747 747 869 869 869 748 748 748 749 749 749 70 70 70 315 315 315 267 267 267 55 55 55 252 252 252 56 56 56 20 20 20 251 251 251 30 30 30 252 252 252 30 30 30 251 251 251 106 106 106 253 253 253 274 274 274 57 57 57 165 165 165 58 58 58 662 662 662 19 19 19 32 32 32 140 140 140 701 701 701 493 493 493 60 60 60 751 751 751 568 568 568 674 674 674 753 753 753 754 754 754 572 572 572 399 399 399 495 495 495 573 573 573 755 755 755 756 756 756 64 64 64 263 263 263 65 65 65 25 25 25 262 262 262 36 36 36 263 263 263 36 36 36 262 262 262 84 84 84 264 264 264 287 287 287 264 264 264 84 84 84 116 116 116 66 66 66 174 174 174 67 67 67 663 663 663 22 22 22 38 38 38 86 86 86 327 327 327 289 289 289 71 71 71 580 580 580 579 579 579 581 581 581 270 270 270 1068 1068 1068 582 582 582 271 271 271 29 29 29 583 583 583 72 72 72 1154 1154 1154 584 584 584 24 24 24 30 30 30 584 584 584 252 252 252 655 655 655 73 73 73 273 273 273 74 74 74 273 273 273 73 73 73 272 272 272 42 42 42 272 272 272 24 24 24 106 106 106 274 274 274 75 75 75 275 275 275 75 75 75 274 274 274 43 43 43 275 275 275 31 31 31 585 585 585 761 761 761 760 760 760 405 405 405 1035 1035 1035 762 762 762 589 589 589 1159 1159 1159 919 919 919 592 592 592 79 79 79 764 764 764 766 766 766 709 709 709 921 921 921 597 597 597 27 27 27 36 36 36 597 597 597 263 263 263 657 657 657 82 82 82 286 286 286 83 83 83 286 286 286 82 82 82 285 285 285 44 44 44 285 285 285 27 27 27 84 84 84 287 287 287 288 288 288 288 288 288 85 85 85 84 84 84 45 45 45 287 287 287 37 37 37 87 87 87 599 599 599 598 598 598 600 600 600 292 292 292 1121 1121 1121 601 601 601 293 293 293 39 39 39 602 602 602 88 88 88 1157 1157 1157 9 9 9 296 296 296 10 10 10 57 57 57 297 297 297 90 90 90 297 297 297 57 57 57 296 296 296 19 19 19 662 662 662 31 31 31 91 91 91 510 510 510 607 607 607 48 48 48 770 770 770 771 771 771 56 56 56 772 772 772 138 138 138 172 172 172 774 774 774 773 773 773 11 11 11 303 303 303 12 12 12 66 66 66 304 304 304 95 95 95 304 304 304 66 66 66 303 303 303 22 22 22 663 663 663 37 37 37 307 307 307 145 145 145 14 14 14 579 579 579 268 268 268 789 789 789 146 146 146 250 250 250 268 268 268 185 185 185 776 776 776 272 272 272 149 149 149 97 97 97 74 74 74 65 65 65 1207 1207 1207 143 143 143 780 780 780 181 181 181 722 722 722 781 781 781 782 782 782 246 246 246 100 100 100 512 512 512 1178 1178 1178 513 513 513 613 613 613 786 786 786 202 202 202 788 788 788 285 285 285 156 156 156 101 101 101 83 83 83 312 312 312 159 159 159 17 17 17 598 598 598 290 290 290 832 832 832 160 160 160 266 266 266 290 290 290 1069 1069 1069 1068 1068 1068 618 618 618 428 428 428 626 626 626 624 624 624 1078 1078 1078 624 624 624 626 626 626 414 414 414 294 294 294 1080 1080 1080 30 30 30 776 776 776 20 20 20 93 93 93 185 185 185 105 105 105 185 185 185 93 93 93 301 301 301 628 628 628 319 319 319 611 611 611 319 319 319 628 628 628 184 184 184 97 97 97 319 319 319 105 105 105 107 107 107 320 320 320 253 253 253 320 320 320 32 32 32 19 19 19 19 19 19 253 253 253 320 320 320 795 795 795 61 61 61 396 396 396 1086 1086 1086 518 518 518 796 796 796 435 435 435 606 606 606 953 953 953 520 520 520 91 91 91 607 607 607 256 256 256 521 521 521 799 799 799 568 568 568 257 257 257 800 800 800 1202 1202 1202 802 802 802 801 801 801 572 572 572 808 808 808 957 957 957 961 961 961 815 815 815 814 814 814 819 819 819 820 820 820 956 956 956 449 449 449 823 823 823 1111 1111 1111 328 328 328 825 825 825 826 826 826 1048 1048 1048 831 831 831 830 830 830 36 36 36 788 788 788 25 25 25 98 98 98 202 202 202 115 115 115 202 202 202 98 98 98 308 308 308 646 646 646 331 331 331 615 615 615 331 331 331 646 646 646 201 201 201 101 101 101 331 331 331 115 115 115 117 117 117 332 332 332 264 264 264 332 332 332 38 38 38 22 22 22 22 22 22 264 264 264 332 332 332 1106 1106 1106 1121 1121 1121 639 639 639 457 457 457 644 644 644 650 650 650 1117 1117 1117 650 650 650 644 644 644 420 420 420 305 305 305 1119 1119 1119 7 7 7 460 460 460 1064 1064 1064 313 313 313 371 371 371 459 459 459 1150 1150 1150 540 540 540 462 462 462 653 653 653 337 337 337 1164 1164 1164 654 654 654 121 121 121 620 620 620 122 122 122 338 338 338 655 655 655 214 214 214 123 123 123 297 297 297 90 90 90 297 297 297 123 123 123 15 15 15 214 214 214 9 9 9 212 212 212 124 124 124 339 339 339 124 124 124 212 212 212 90 90 90 31 31 31 164 164 164 43 43 43 846 846 846 341 341 341 1127 1127 1127 847 847 847 692 692 692 848 848 848 859 859 859 585 585 585 476 476 476 1181 1181 1181 276 276 276 1203 1203 1203 861 861 861 479 479 479 862 862 862 613 613 613 513 513 513 981 981 981 558 558 558 483 483 483 633 633 633 223 223 223 557 557 557 865 865 865 354 354 354 866 866 866 592 592 592 79 79 79 383 383 383 593 593 593 325 325 325 487 487 487 1098 1098 1098 126 126 126 342 342 342 657 657 657 234 234 234 127 127 127 304 304 304 95 95 95 304 304 304 127 127 127 16 16 16 234 234 234 11 11 11 232 232 232 128 128 128 343 343 343 128 128 128 232 232 232 95 95 95 37 37 37 173 173 173 45 45 45 1 1 1 490 490 490 1100 1100 1100 333 333 333 386 386 386 489 489 489 1153 1153 1153 561 561 561 492 492 492 659 659 659 346 346 346 1175 1175 1175 660 660 660 131 131 131 648 648 648 725 725 725 1150 1150 1150 336 336 336 699 699 699 869 869 869 870 870 870 735 735 735 1153 1153 1153 345 345 345 871 871 871 348 348 348 350 350 350 350 350 350 349 349 349 990 990 990 429 429 429 295 295 295 351 351 351 148 148 148 351 351 351 295 295 295 352 352 352 152 152 152 661 661 661 353 353 353 661 661 661 874 874 874 155 155 155 354 354 354 709 709 709 458 458 458 306 306 306 355 355 355 162 162 162 355 355 355 306 306 306 356 356 356 1045 1045 1045 357 357 357 357 357 357 510 510 510 508 508 508 178 178 178 719 719 719 879 879 879 359 359 359 358 358 358 1209 1209 1209 617 617 617 540 540 540 1150 1150 1150 516 516 516 1141 1141 1141 360 360 360 195 195 195 1169 1169 1169 1230 1230 1230 365 365 365 1004 1004 1004 664 664 664 366 366 366 664 664 664 883 883 883 367 367 367 885 885 885 665 665 665 368 368 368 665 665 665 886 886 886 369 369 369 667 667 667 888 888 888 638 638 638 561 561 561 1153 1153 1153 539 539 539 1142 1142 1142 370 370 370 372 372 372 207 207 207 373 373 373 119 119 119 373 373 373 207 207 207 360 360 360 183 183 183 374 374 374 209 209 209 374 374 374 183 183 183 377 377 377 889 889 889 668 668 668 376 376 376 668 668 668 890 890 890 380 380 380 1017 1017 1017 671 671 671 379 379 379 671 671 671 893 893 893 222 222 222 381 381 381 382 382 382 382 382 382 558 558 558 894 894 894 387 387 387 235 235 235 388 388 388 129 129 129 388 388 388 235 235 235 370 370 370 206 206 206 389 389 389 237 237 237 389 389 389 206 206 206 896 896 896 897 897 897 898 898 898 392 392 392 900 900 900 899 899 899 901 901 901 902 902 902 245 245 245 903 903 903 748 748 748 781 781 781 903 903 903 246 246 246 1057 1057 1057 136 136 136 904 904 904 249 249 249 1072 1072 1072 250 250 250 146 146 146 395 395 395 257 257 257 906 906 906 259 259 259 1084 1084 1084 1205 1205 1205 1186 1186 1186 674 674 674 907 907 907 399 399 399 675 675 675 909 909 909 1109 1109 1109 266 266 266 160 160 160 53 53 53 402 402 402 147 147 147 269 269 269 403 403 403 146 146 146 147 147 147 499 499 499 267 267 267 499 499 499 147 147 147 404 404 404 270 270 270 404 404 404 147 147 147 406 406 406 676 676 676 913 913 913 276 276 276 760 760 760 406 406 406 919 919 919 916 916 916 678 678 678 918 918 918 678 678 678 917 917 917 280 280 280 919 919 919 918 918 918 68 68 68 411 411 411 161 161 161 291 291 291 412 412 412 160 160 160 161 161 161 505 505 505 289 289 289 505 505 505 161 161 161 413 413 413 292 292 292 413 413 413 161 161 161 89 89 89 414 414 414 318 318 318 429 429 429 8 8 8 415 415 415 3 3 3 415 415 415 8 8 8 1045 1045 1045 1163 1163 1163 1148 1148 1148 924 924 924 48 48 48 925 925 925 924 924 924 926 926 926 770 770 770 927 927 927 831 831 831 772 772 772 1243 1243 1243 774 774 774 932 932 932 96 96 96 420 420 420 330 330 330 458 458 458 13 13 13 421 421 421 5 5 5 421 421 421 13 13 13 272 272 272 73 73 73 185 185 185 939 939 939 176 176 176 940 940 940 1026 1026 1026 939 939 939 941 941 941 942 942 942 943 943 943 778 778 778 944 944 944 244 244 244 945 945 945 422 422 422 511 511 511 949 949 949 1061 1061 1061 784 784 784 311 311 311 285 285 285 82 82 82 202 202 202 459 459 459 314 314 314 1065 1065 1065 314 314 314 459 459 459 102 102 102 317 317 317 1074 1074 1074 1075 1075 1075 318 318 318 1079 1079 1079 1217 1217 1217 29 29 29 271 271 271 428 428 428 322 322 322 796 796 796 797 797 797 796 796 796 193 193 193 797 797 797 433 433 433 797 797 797 951 951 951 192 192 192 298 298 298 799 799 799 438 438 438 194 194 194 1091 1091 1091 260 260 260 801 801 801 954 954 954 443 443 443 684 684 684 956 956 956 962 962 962 1096 1096 1096 686 686 686 444 444 444 686 686 686 961 961 961 447 447 447 448 448 448 1199 1199 1199 328 328 328 966 966 966 965 965 965 489 489 489 326 326 326 1101 1101 1101 326 326 326 489 489 489 118 118 118 329 329 329 1114 1114 1114 1122 1122 1122 39 39 39 293 293 293 457 457 457 335 335 335 119 119 119 313 313 313 335 335 335 460 460 460 373 373 373 461 461 461 1150 1150 1150 462 462 462 1127 1127 1127 341 341 341 852 852 852 471 471 471 470 470 470 777 777 777 977 977 977 476 476 476 695 695 695 476 476 476 276 276 276 1181 1181 1181 978 978 978 477 477 477 478 478 478 979 979 979 280 280 280 980 980 980 479 479 479 478 478 478 1089 1089 1089 1062 1062 1062 480 480 480 696 696 696 1192 1192 1192 785 785 785 281 281 281 223 223 223 865 865 865 483 483 483 865 865 865 982 982 982 482 482 482 483 483 483 865 865 865 323 323 323 344 344 344 129 129 129 333 333 333 344 344 344 490 490 490 388 388 388 491 491 491 1153 1153 1153 492 492 492 697 697 697 983 983 983 984 984 984 49 49 49 773 773 773 983 983 983 1143 1143 1143 134 134 134 985 985 985 392 392 392 985 985 985 900 900 900 749 749 749 986 986 986 136 136 136 904 904 904 136 136 136 986 986 986 347 347 347 987 987 987 702 702 702 61 61 61 494 494 494 987 987 987 496 496 496 703 703 703 989 989 989 348 348 348 704 704 704 497 497 497 349 349 349 872 872 872 705 705 705 70 70 70 499 499 499 71 71 71 353 353 353 706 706 706 501 501 501 352 352 352 873 873 873 707 707 707 502 502 502 707 707 707 991 991 991 1159 1159 1159 708 708 708 992 992 992 354 354 354 764 764 764 993 993 993 504 504 504 994 994 994 80 80 80 1161 1161 1161 920 920 920 766 766 766 86 86 86 505 505 505 87 87 87 163 163 163 1154 1154 1154 427 427 427 624 624 624 208 208 208 29 29 29 208 208 208 624 624 624 625 625 625 166 166 166 923 923 923 1138 1138 1138 167 167 167 510 510 510 91 91 91 92 92 92 1245 1245 1245 875 875 875 876 876 876 995 995 995 168 168 168 930 930 930 168 168 168 995 995 995 713 713 713 996 996 996 771 771 771 775 775 775 170 170 170 714 714 714 934 934 934 997 997 997 171 171 171 936 936 936 171 171 171 997 997 997 175 175 175 1157 1157 1157 456 456 456 650 650 650 236 236 236 39 39 39 236 236 236 650 650 650 651 651 651 999 999 999 998 998 998 878 878 878 718 718 718 1000 1000 1000 1238 1238 1238 777 777 777 178 178 178 879 879 879 698 698 698 780 780 780 782 782 782 51 51 51 1059 1059 1059 1058 1058 1058 423 423 423 949 949 949 1209 1209 1209 1061 1061 1061 512 512 512 358 358 358 358 358 358 881 881 881 724 724 724 514 514 514 724 724 724 77 77 77 182 182 182 515 515 515 183 183 183 790 790 790 622 622 622 515 515 515 182 182 182 1077 1077 1077 623 623 623 1077 1077 1077 182 182 182 1141 1141 1141 104 104 104 516 516 516 18 18 18 105 105 105 73 73 73 97 97 97 73 73 73 105 105 105 185 185 185 361 361 361 792 792 792 1002 1002 1002 795 795 795 726 726 726 1002 1002 1002 519 519 519 91 91 91 520 520 520 362 362 362 520 520 520 192 192 192 193 193 193 363 363 363 522 522 522 522 522 522 521 521 521 1028 1028 1028 1003 1003 1003 523 523 523 1230 1230 1230 525 525 525 110 110 110 727 727 727 366 366 366 727 727 727 882 882 882 365 365 365 882 882 882 526 526 526 529 529 529 1005 1005 1005 728 728 728 368 368 368 729 729 729 884 884 884 367 367 367 884 884 884 731 731 731 530 530 530 731 731 731 1007 1007 1007 534 534 534 769 769 769 733 733 733 369 369 369 733 733 733 887 887 887 666 666 666 887 887 887 734 734 734 536 536 536 734 734 734 1010 1010 1010 200 200 200 666 666 666 536 536 536 1011 1011 1011 926 926 926 537 537 537 115 115 115 82 82 82 101 101 101 82 82 82 115 115 115 202 202 202 84 84 84 1234 1234 1234 116 116 116 205 205 205 538 538 538 206 206 206 833 833 833 649 649 649 538 538 538 205 205 205 1116 1116 1116 643 643 643 1116 1116 1116 205 205 205 1142 1142 1142 114 114 114 539 539 539 23 23 23 462 462 462 540 540 540 102 102 102 119 119 119 207 207 207 371 371 371 541 541 541 371 371 371 207 207 207 183 183 183 515 515 515 209 209 209 121 121 121 542 542 542 54 54 54 543 543 543 377 377 377 891 891 891 891 891 891 376 376 376 738 738 738 1016 1016 1016 546 546 546 739 739 739 546 546 546 217 217 217 670 670 670 739 739 739 670 670 670 892 892 892 740 740 740 548 548 548 943 943 943 892 892 892 378 378 378 741 741 741 378 378 378 218 218 218 1054 1054 1054 741 741 741 1054 1054 1054 779 779 779 551 551 551 380 380 380 221 221 221 742 742 742 553 553 553 1019 1019 1019 221 221 221 379 379 379 743 743 743 1137 1137 1137 222 222 222 382 382 382 555 555 555 382 382 382 894 894 894 556 556 556 1040 1040 1040 557 557 557 483 483 483 381 381 381 223 223 223 1201 1201 1201 744 744 744 1021 1021 1021 1023 1023 1023 1022 1022 1022 745 745 745 1023 1023 1023 384 384 384 112 112 112 492 492 492 561 561 561 118 118 118 129 129 129 235 235 235 386 386 386 562 562 562 386 386 386 235 235 235 206 206 206 538 538 538 237 237 237 131 131 131 563 563 563 69 69 69 769 769 769 564 564 564 746 746 746 564 564 564 238 238 238 390 390 390 925 925 925 984 984 984 895 895 895 931 931 931 1188 1188 1188 1248 1248 1248 50 50 50 392 392 392 243 243 243 256 256 256 608 608 608 1025 1025 1025 717 717 717 1026 1026 1026 901 901 901 1000 1000 1000 245 245 245 700 700 700 51 51 51 393 393 393 672 672 672 942 942 942 52 52 52 870 870 870 565 565 565 904 904 904 1210 1210 1210 565 565 565 1210 1210 1210 779 779 779 70 70 70 566 566 566 315 315 315 267 267 267 315 315 315 1070 1070 1070 566 566 566 70 70 70 579 579 579 250 250 250 789 789 789 268 268 268 18 18 18 360 360 360 41 41 41 274 274 274 19 19 19 31 31 31 494 494 494 905 905 905 702 702 702 394 394 394 59 59 59 493 493 493 1027 1027 1027 1028 1028 1028 673 673 673 256 256 256 1025 1025 1025 673 673 673 1029 1029 1029 1205 1205 1205 396 396 396 1186 1186 1186 752 752 752 260 260 260 142 142 142 397 397 397 989 989 989 498 498 498 753 753 753 990 990 990 63 63 63 1030 1030 1030 498 498 498 141 141 141 703 703 703 909 909 909 401 401 401 757 757 757 1249 1249 1249 1033 1033 1033 767 767 767 911 911 911 910 910 910 401 401 401 1249 1249 1249 577 577 577 1033 1033 1033 759 759 759 287 287 287 22 22 22 37 37 37 86 86 86 578 578 578 327 327 327 289 289 289 327 327 327 1107 1107 1107 578 578 578 86 86 86 598 598 598 266 266 266 832 832 832 290 290 290 23 23 23 370 370 370 47 47 47 499 499 499 70 70 70 267 267 267 71 71 71 579 579 579 70 70 70 580 580 580 268 268 268 579 579 579 268 268 268 580 580 580 269 269 269 267 267 267 53 53 53 147 147 147 147 147 147 402 402 402 270 270 270 40 40 40 581 581 581 1231 1231 1231 41 41 41 582 582 582 208 208 208 29 29 29 208 208 208 582 582 582 271 271 271 583 583 583 163 163 163 1154 1154 1154 163 163 163 583 583 583 55 55 55 655 655 655 252 252 252 762 762 762 706 706 706 874 874 874 913 913 913 153 153 153 708 708 708 586 586 586 503 503 503 78 78 78 1213 1213 1213 914 914 914 915 915 915 915 915 915 407 407 407 763 763 763 78 78 78 503 503 503 1159 1159 1159 992 992 992 152 152 152 916 916 916 1038 1038 1038 408 408 408 679 679 679 679 679 679 1039 1039 1039 1040 1040 1040 1161 1161 1161 81 81 81 1039 1039 1039 79 79 79 593 593 593 154 154 154 1041 1041 1041 409 409 409 80 80 80 64 64 64 657 657 657 263 263 263 505 505 505 86 86 86 289 289 289 87 87 87 598 598 598 86 86 86 599 599 599 290 290 290 598 598 598 290 290 290 599 599 599 291 291 291 289 289 289 68 68 68 161 161 161 161 161 161 411 411 411 292 292 292 46 46 46 600 600 600 1232 1232 1232 47 47 47 601 601 601 236 236 236 39 39 39 236 236 236 601 601 601 293 293 293 602 602 602 175 175 175 1157 1157 1157 175 175 175 602 602 602 603 603 603 295 295 295 429 429 429 294 294 294 603 603 603 627 627 627 294 294 294 414 414 414 604 604 604 570 570 570 907 907 907 1043 1043 1043 261 261 261 754 754 754 416 416 416 63 63 63 1032 1032 1032 507 507 507 507 507 507 767 767 767 166 166 166 577 577 577 1034 1034 1034 768 768 768 768 768 768 746 746 746 1044 1044 1044 509 509 509 50 50 50 1046 1046 1046 298 298 298 607 607 607 1045 1045 1045 1138 1138 1138 1046 1046 1046 1163 1163 1163 1047 1047 1047 608 608 608 419 419 419 534 534 534 238 238 238 564 564 564 238 238 238 534 534 534 888 888 888 299 299 299 929 929 929 454 454 454 1050 1050 1050 932 932 932 716 716 716 1051 1051 1051 94 94 94 715 715 715 1052 1052 1052 302 302 302 936 936 936 609 609 609 306 306 306 458 458 458 305 305 305 609 609 609 645 645 645 305 305 305 420 420 420 610 610 610 566 566 566 579 579 579 789 789 789 9 9 9 611 611 611 15 15 15 149 149 149 611 611 611 319 319 319 97 97 97 73 73 73 74 74 74 3 3 3 143 143 143 1053 1053 1053 1247 1247 1247 999 999 999 974 974 974 777 777 777 177 177 177 548 548 548 947 947 947 181 181 181 902 902 902 721 721 721 1055 1055 1055 1056 1056 1056 1037 1037 1037 1036 1036 1036 783 783 783 1210 1210 1210 948 948 948 783 783 783 278 278 278 1037 1037 1037 949 949 949 422 422 422 948 948 948 1058 1058 1058 423 423 423 1209 1209 1209 514 514 514 763 763 763 1158 1158 1158 77 77 77 247 247 247 612 612 612 424 424 424 612 612 612 247 247 247 1060 1060 1060 1178 1178 1178 1061 1061 1061 311 311 311 425 425 425 950 950 950 786 786 786 425 425 425 613 613 613 1062 1062 1062 590 590 590 917 917 917 787 787 787 614 614 614 787 787 787 481 481 481 11 11 11 615 615 615 16 16 16 156 156 156 615 615 615 331 331 331 101 101 101 82 82 82 83 83 83 578 578 578 598 598 598 832 832 832 616 616 616 313 313 313 1065 1065 1065 1066 1066 1066 102 102 102 540 540 540 314 314 314 102 102 102 1066 1066 1066 103 103 103 1231 1231 1231 1069 1069 1069 1070 1070 1070 53 53 53 267 267 267 619 619 619 1071 1071 1071 789 789 789 619 619 619 789 789 789 250 250 250 620 620 620 426 426 426 316 316 316 620 620 620 1075 1075 1075 426 426 426 621 621 621 426 426 426 1074 1074 1074 54 54 54 622 622 622 1075 1075 1075 623 623 623 1076 1076 1076 790 790 790 104 104 104 1077 1077 1077 516 516 516 104 104 104 18 18 18 625 625 625 208 208 208 625 625 625 18 18 18 104 104 104 625 625 625 1078 1078 1078 626 626 626 428 428 428 427 427 427 626 626 626 427 427 427 1079 1079 1079 603 603 603 294 294 294 295 295 295 3 3 3 1081 1081 1081 415 415 415 8 8 8 429 429 429 2 2 2 295 295 295 604 604 604 148 148 148 10 10 10 628 628 628 9 9 9 611 611 611 9 9 9 628 628 628 628 628 628 10 10 10 184 184 184 7 7 7 187 187 187 1165 1165 1165 361 361 361 190 190 190 1082 1082 1082 494 494 494 61 61 61 1184 1184 1184 726 726 726 795 795 795 1084 1084 1084 632 632 632 1085 1085 1085 433 433 433 322 322 322 1086 1086 1086 796 796 796 522 522 522 1028 1028 1028 951 951 951 1087 1087 1087 952 952 952 953 953 953 1089 1089 1089 863 863 863 798 798 798 798 798 798 605 605 605 1043 1043 1043 607 607 607 298 298 298 520 520 520 437 437 437 1003 1003 1003 60 60 60 899 899 899 242 242 242 1049 1049 1049 1003 1003 1003 437 437 437 1090 1090 1090 1050 1050 1050 94 94 94 1090 1090 1090 1051 1051 1051 302 302 302 1091 1091 1091 139 139 139 1171 1171 1171 438 438 438 439 439 439 525 525 525 883 883 883 954 954 954 440 440 440 529 529 529 440 440 440 883 883 883 1005 1005 1005 804 804 804 529 529 529 1006 1006 1006 1093 1093 1093 633 633 633 805 805 805 633 633 633 323 323 323 683 683 683 805 805 805 683 683 683 955 955 955 1094 1094 1094 634 634 634 806 806 806 806 806 806 730 730 730 886 886 886 955 955 955 442 442 442 807 807 807 442 442 442 199 199 199 732 732 732 807 807 807 532 532 532 1009 1009 1009 1004 1004 1004 527 527 527 809 809 809 527 527 527 111 111 111 688 688 688 809 809 809 446 446 446 963 963 963 810 810 810 958 958 958 960 960 960 960 960 960 959 959 959 813 813 813 959 959 959 324 324 324 817 817 817 813 813 813 817 817 817 1097 1097 1097 1099 1099 1099 1100 1100 1100 1098 1098 1098 816 816 816 1101 1101 1101 814 814 814 962 962 962 444 444 444 1185 1185 1185 444 444 444 1102 1102 1102 1185 1185 1185 817 817 817 1103 1103 1103 1097 1097 1097 1009 1009 1009 531 531 531 1222 1222 1222 1008 1008 1008 885 885 885 818 818 818 885 885 885 1105 1105 1105 818 818 818 530 530 530 1106 1106 1106 1105 1105 1105 818 818 818 1107 1107 1107 1104 1104 1104 1180 1180 1180 1108 1108 1108 819 819 819 820 820 820 1109 1109 1109 1095 1095 1095 1034 1034 1034 576 576 576 821 821 821 533 533 533 448 448 448 964 964 964 575 575 575 1194 1194 1194 451 451 451 822 822 822 451 451 451 966 966 966 964 964 964 447 447 447 535 535 535 535 535 535 826 826 826 1110 1110 1110 62 62 62 574 574 574 823 823 823 1031 1031 1031 908 908 908 824 824 824 908 908 908 1112 1112 1112 824 824 824 755 755 755 1113 1113 1113 1112 1112 1112 641 641 641 1114 1114 1114 1111 1111 1111 1110 1110 1110 826 826 826 1116 1116 1116 537 537 537 200 200 200 829 829 829 827 827 827 829 829 829 1218 1218 1218 829 829 829 1118 1118 1118 1218 1218 1218 453 453 453 1119 1119 1119 967 967 967 830 830 830 1120 1120 1120 1048 1048 1048 12 12 12 646 646 646 11 11 11 615 615 615 11 11 11 646 646 646 646 646 646 12 12 12 201 201 201 1 1 1 647 647 647 1174 1174 1174 637 637 637 333 333 333 1101 1101 1101 1102 1102 1102 118 118 118 561 561 561 326 326 326 118 118 118 1102 1102 1102 113 113 113 1232 1232 1232 1106 1106 1106 1107 1107 1107 68 68 68 289 289 289 640 640 640 1108 1108 1108 832 832 832 640 640 640 832 832 832 266 266 266 648 648 648 455 455 455 334 334 334 648 648 648 1122 1122 1122 455 455 455 642 642 642 455 455 455 1114 1114 1114 69 69 69 649 649 649 1122 1122 1122 643 643 643 1115 1115 1115 833 833 833 114 114 114 1116 1116 1116 539 539 539 114 114 114 23 23 23 651 651 651 236 236 236 651 651 651 23 23 23 114 114 114 651 651 651 1117 1117 1117 644 644 644 457 457 457 456 456 456 644 644 644 456 456 456 1118 1118 1118 609 609 609 305 305 305 306 306 306 5 5 5 1120 1120 1120 421 421 421 13 13 13 458 458 458 4 4 4 306 306 306 610 610 610 162 162 162 6 6 6 1176 1176 1176 1165 1165 1165 119 119 119 371 371 371 313 313 313 371 371 371 1228 1228 1228 459 459 459 102 102 102 459 459 459 1228 1228 1228 617 617 617 1150 1150 1150 725 725 725 652 652 652 1255 1255 1255 725 725 725 40 40 40 1255 1255 1255 652 652 652 652 652 652 725 725 725 336 336 336 14 14 14 653 653 653 307 307 307 1164 1164 1164 307 307 307 653 653 653 337 337 337 654 654 654 316 316 316 620 620 620 316 316 316 654 654 654 375 375 375 463 463 463 211 211 211 55 55 55 375 375 375 655 655 655 24 24 24 584 584 584 42 42 42 1064 1064 1064 791 791 791 1211 1211 1211 1065 1065 1065 1139 1139 1139 834 834 834 1066 1066 1066 1123 1123 1123 1151 1151 1151 1067 1067 1067 1124 1124 1124 836 836 836 1151 1151 1151 1123 1123 1123 1214 1214 1214 321 321 321 834 834 834 1082 1082 1082 1082 1082 1082 837 837 837 792 792 792 1069 1069 1069 618 618 618 1013 1013 1013 618 618 618 838 838 838 1013 1013 1013 1071 1071 1071 1125 1125 1125 968 968 968 1072 1072 1072 859 859 859 840 840 840 1125 1125 1125 840 840 840 969 969 969 889 889 889 839 839 839 1014 1014 1014 544 544 544 467 467 467 1015 1015 1015 108 108 108 465 465 465 464 464 464 464 464 464 1214 1214 1214 841 841 841 340 340 340 836 836 836 970 970 970 836 836 836 1124 1124 1124 843 843 843 970 970 970 843 843 843 971 971 971 1073 1073 1073 1126 1126 1126 761 761 761 1126 1126 1126 1235 1235 1235 912 912 912 1077 1077 1077 1128 1128 1128 656 656 656 1078 1078 1078 546 546 546 1016 1016 1016 1079 1079 1079 1129 1129 1129 849 849 849 1080 1080 1080 974 974 974 469 469 469 1081 1081 1081 1053 1053 1053 850 850 850 217 217 217 849 849 849 1215 1215 1215 849 849 849 1129 1129 1129 851 851 851 656 656 656 1128 1128 1128 853 853 853 472 472 472 853 853 853 975 975 975 473 473 473 975 975 975 549 549 549 33 33 33 737 737 737 632 632 632 737 737 737 890 890 890 855 855 855 632 632 632 855 855 855 1085 1085 1085 215 215 215 736 736 736 475 475 475 545 545 545 1015 1015 1015 856 856 856 475 475 475 856 856 856 976 976 976 322 322 322 693 693 693 1086 1086 1086 693 693 693 976 976 976 857 857 857 125 125 125 690 690 690 550 550 550 466 466 466 969 969 969 858 858 858 550 550 550 858 858 858 1017 1017 1017 109 109 109 1020 1020 1020 1087 1087 1087 1020 1020 1020 893 893 893 861 861 861 553 553 553 1018 1018 1018 1200 1200 1200 477 477 477 1200 1200 1200 979 979 979 1191 1191 1191 696 696 696 803 803 803 480 480 480 981 981 981 864 864 864 803 803 803 864 864 864 110 110 110 222 222 222 1137 1137 1137 1178 1178 1178 1038 1038 1038 1060 1060 1060 1130 1130 1130 110 110 110 894 894 894 1093 1093 1093 558 558 558 381 381 381 483 483 483 557 557 557 1040 1040 1040 982 982 982 323 323 323 865 865 865 1094 1094 1094 634 634 634 596 596 596 34 34 34 1057 1057 1057 1131 1131 1131 1130 1130 1130 310 310 310 866 866 866 1131 1131 1131 246 246 246 180 180 180 1056 1056 1056 99 99 99 1021 1021 1021 1055 1055 1055 79 79 79 592 592 592 226 226 226 383 383 383 744 744 744 1132 1132 1132 765 765 765 593 593 593 1132 1132 1132 868 868 868 958 958 958 1251 1251 1251 485 485 485 229 229 229 1134 1134 1134 1096 1096 1096 635 635 635 1134 1134 1134 409 409 409 1041 1041 1041 765 765 765 745 745 745 1022 1022 1022 1135 1135 1135 487 487 487 204 204 204 1099 1099 1099 385 385 385 488 488 488 231 231 231 64 64 64 385 385 385 657 657 657 27 27 27 597 597 597 44 44 44 0 0 0 1179 1179 1179 1174 1174 1174 129 129 129 386 386 386 333 333 333 386 386 386 1229 1229 1229 489 489 489 118 118 118 489 489 489 1229 1229 1229 638 638 638 1153 1153 1153 735 735 735 658 658 658 1256 1256 1256 735 735 735 46 46 46 1256 1256 1256 658 658 658 658 658 658 735 735 735 345 345 345 17 17 17 659 659 659 312 312 312 1175 1175 1175 312 312 312 659 659 659 346 346 346 660 660 660 334 334 334 648 648 648 334 334 334 660 660 660 350 350 350 348 348 348 349 349 349 151 151 151 629 629 629 1233 1233 1233 352 352 352 661 661 661 353 353 353 158 158 158 647 647 647 1234 1234 1234 164 164 164 662 662 662 165 165 165 173 173 173 663 663 663 174 174 174 365 365 365 664 664 664 366 366 366 367 367 367 665 665 665 368 368 368 667 667 667 369 369 369 666 666 666 377 377 377 668 668 668 376 376 376 669 669 669 378 378 378 670 670 670 380 380 380 671 671 671 379 379 379 26 26 26 672 672 672 393 393 393 397 397 397 674 674 674 1186 1186 1186 756 756 756 675 675 675 399 399 399 910 910 910 911 911 911 401 401 401 911 911 911 910 910 910 400 400 400 760 760 760 676 676 676 406 406 406 919 919 919 678 678 678 918 918 918 920 920 920 1039 1039 1039 408 408 408 680 680 680 416 416 416 417 417 417 952 952 952 434 434 434 435 435 435 682 682 682 442 442 442 683 683 683 684 684 684 957 957 957 1149 1149 1149 960 960 960 685 685 685 959 959 959 962 962 962 686 686 686 444 444 444 446 446 446 688 688 688 1180 1180 1180 448 448 448 689 689 689 1199 1199 1199 690 690 690 691 691 691 466 466 466 692 692 692 468 468 468 973 973 973 469 469 469 470 470 470 471 471 471 472 472 472 473 473 473 474 474 474 475 475 475 693 693 693 694 694 694 858 858 858 695 695 695 1152 1152 1152 479 479 479 978 978 978 478 478 478 996 996 996 132 132 132 697 697 697 137 137 137 698 698 698 700 700 700 698 698 698 135 135 135 699 699 699 700 700 700 699 699 699 52 52 52 701 701 701 347 347 347 702 702 702 495 495 495 703 703 703 496 496 496 990 990 990 349 349 349 498 498 498 352 352 352 707 707 707 502 502 502 503 503 503 708 708 708 1159 1159 1159 507 507 507 357 357 357 508 508 508 166 166 166 1138 1138 1138 356 356 356 169 169 169 875 875 875 713 713 713 172 172 172 714 714 714 716 716 716 714 714 714 170 170 170 715 715 715 716 716 716 715 715 715 94 94 94 719 719 719 717 717 717 718 718 718 879 879 879 718 718 718 1238 1238 1238 181 181 181 720 720 720 722 722 722 720 720 720 99 99 99 721 721 721 722 722 722 721 721 721 180 180 180 723 723 723 359 359 359 511 511 511 358 358 358 724 724 724 514 514 514 518 518 518 1244 1244 1244 364 364 364 194 194 194 1230 1230 1230 523 523 523 525 525 525 727 727 727 366 366 366 527 527 527 365 365 365 526 526 526 1006 1006 1006 728 728 728 808 808 808 729 729 729 368 368 368 730 730 730 367 367 367 731 731 731 530 530 530 532 532 532 732 732 732 531 531 531 534 534 534 733 733 733 369 369 369 666 666 666 734 734 734 536 536 536 376 376 376 737 737 737 738 738 738 739 739 739 546 546 546 670 670 670 547 547 547 548 548 548 740 740 740 378 378 378 1054 1054 1054 741 741 741 551 551 551 550 550 550 380 380 380 743 743 743 379 379 379 893 893 893 556 556 556 557 557 557 223 223 223 50 50 50 747 747 747 392 392 392 391 391 391 899 899 899 21 21 21 748 748 748 393 393 393 749 749 749 51 51 51 986 986 986 393 393 393 165 165 165 662 662 662 254 254 254 32 32 32 254 254 254 662 662 662 750 750 750 394 394 394 493 493 493 751 751 751 347 347 347 568 568 568 752 752 752 570 570 570 1202 1202 1202 907 907 907 752 752 752 1186 1186 1186 989 989 989 1182 1182 1182 496 496 496 753 753 753 1030 1030 1030 754 754 754 1030 1030 1030 753 753 753 498 498 498 1031 1031 1031 574 574 574 398 398 398 1173 1173 1173 758 758 758 575 575 575 577 577 577 759 759 759 576 576 576 174 174 174 663 663 663 265 265 265 38 38 38 265 265 265 663 663 663 848 848 848 762 762 762 1035 1035 1035 586 586 586 406 406 406 503 503 503 588 588 588 854 854 854 1237 1237 1237 407 407 407 1158 1158 1158 763 763 763 592 592 592 764 764 764 354 354 354 593 593 593 765 765 765 1041 1041 1041 409 409 409 765 765 765 1147 1147 1147 1161 1161 1161 766 766 766 410 410 410 921 921 921 410 410 410 766 766 766 662 662 662 164 164 164 31 31 31 570 570 570 1043 1043 1043 605 605 605 1030 1030 1030 922 922 922 416 416 416 417 417 417 167 167 167 606 606 606 1032 1032 1032 767 767 767 507 507 507 577 577 577 768 768 768 418 418 418 923 923 923 418 418 418 509 509 509 769 769 769 534 534 534 564 564 564 770 770 770 169 169 169 771 771 771 169 169 169 770 770 770 1011 1011 1011 1245 1245 1245 92 92 92 454 454 454 772 772 772 1048 1048 1048 138 138 138 242 242 242 133 133 133 774 774 774 773 773 773 774 774 774 133 133 133 49 49 49 132 132 132 775 775 775 663 663 663 173 173 173 37 37 37 24 24 24 776 776 776 30 30 30 776 776 776 24 24 24 272 272 272 1207 1207 1207 1053 1053 1053 143 143 143 178 178 178 777 777 777 470 470 470 778 778 778 177 177 177 1238 1238 1238 779 779 779 1054 1054 1054 565 565 565 180 180 180 780 780 780 722 722 722 780 780 780 137 137 137 181 181 181 781 781 781 135 135 135 782 782 782 246 246 246 782 782 782 180 180 180 1037 1037 1037 783 783 783 422 422 422 1059 1059 1059 424 424 424 723 723 723 785 785 785 424 424 424 612 612 612 786 786 786 613 613 613 425 425 425 27 27 27 788 788 788 36 36 36 788 788 788 27 27 27 285 285 285 1080 1080 1080 294 294 294 627 627 627 1165 1165 1165 187 187 187 186 186 186 791 791 791 321 321 321 430 430 430 1082 1082 1082 792 792 792 361 361 361 793 793 793 431 431 431 630 630 630 797 797 797 193 193 193 522 522 522 1087 1087 1087 862 862 862 952 952 952 863 863 863 605 605 605 798 798 798 953 953 953 606 606 606 519 519 519 256 256 256 799 799 799 608 608 608 568 568 568 800 800 800 437 437 437 439 439 439 803 803 803 525 525 525 804 804 804 954 954 954 529 529 529 805 805 805 633 633 633 683 683 683 806 806 806 634 634 634 730 730 730 807 807 807 442 442 442 532 532 532 528 528 528 957 957 957 808 808 808 527 527 527 446 446 446 809 809 809 810 810 810 1251 1251 1251 958 958 958 635 635 635 811 811 811 812 812 812 811 811 811 635 635 635 1096 1096 1096 959 959 959 817 817 817 813 813 813 814 814 814 815 815 815 816 816 816 325 325 325 637 637 637 816 816 816 637 637 637 325 325 325 1098 1098 1098 817 817 817 324 324 324 1185 1185 1185 1009 1009 1009 1222 1222 1222 445 445 445 963 963 963 819 819 819 956 956 956 819 819 819 640 640 640 820 820 820 956 956 956 820 820 820 1095 1095 1095 576 576 576 448 448 448 821 821 821 533 533 533 821 821 821 448 448 448 575 575 575 451 451 451 822 822 822 447 447 447 826 826 826 535 535 535 574 574 574 641 641 641 823 823 823 1111 1111 1111 823 823 823 641 641 641 328 328 328 965 965 965 825 825 825 965 965 965 643 643 643 825 825 825 537 537 537 829 829 829 827 827 827 200 200 200 828 828 828 829 829 829 828 828 828 200 200 200 536 536 536 299 299 299 830 830 830 831 831 831 645 645 645 830 830 830 967 967 967 1 1 1 204 204 204 203 203 203 1119 1119 1119 305 305 305 645 645 645 210 210 210 138 138 138 5 5 5 791 791 791 616 616 616 321 321 321 834 834 834 321 321 321 616 616 616 836 836 836 340 340 340 835 835 835 834 834 834 837 837 837 1082 1082 1082 837 837 837 834 834 834 1139 1139 1139 838 838 838 839 839 839 889 889 889 840 840 840 859 859 859 977 977 977 840 840 840 977 977 977 969 969 969 544 544 544 1252 1252 1252 467 467 467 464 464 464 841 841 841 630 630 630 842 842 842 630 630 630 841 841 841 836 836 836 843 843 843 970 970 970 972 972 972 971 971 971 1250 1250 1250 623 623 623 846 846 846 1127 1127 1127 846 846 846 656 656 656 341 341 341 848 848 848 845 845 845 847 847 847 627 627 627 850 850 850 974 974 974 974 974 974 850 850 850 1247 1247 1247 849 849 849 851 851 851 547 547 547 973 973 973 852 852 852 587 587 587 656 656 656 853 853 853 472 472 472 473 473 473 854 854 854 588 588 588 854 854 854 473 473 473 549 549 549 737 737 737 855 855 855 632 632 632 545 545 545 856 856 856 475 475 475 1086 1086 1086 857 857 857 1240 1240 1240 466 466 466 858 858 858 550 550 550 1181 1181 1181 860 860 860 552 552 552 1020 1020 1020 861 861 861 862 862 862 553 553 553 1200 1200 1200 477 477 477 1089 1089 1089 980 980 980 863 863 863 614 614 614 1092 1092 1092 802 802 802 1092 1092 1092 614 614 614 481 481 481 613 613 613 981 981 981 480 480 480 482 482 482 596 596 596 634 634 634 866 866 866 1193 1193 1193 592 592 592 34 34 34 1162 1162 1162 1172 1172 1172 485 485 485 867 867 867 504 504 504 868 868 868 867 867 867 485 485 485 1022 1022 1022 80 80 80 409 409 409 636 636 636 112 112 112 384 384 384 230 230 230 143 143 143 3 3 3 52 52 52 699 699 699 870 870 870 699 699 699 135 135 135 869 869 869 870 870 870 869 869 869 136 136 136 141 141 141 871 871 871 350 350 350 348 348 348 872 872 872 349 349 349 990 990 990 142 142 142 350 350 350 353 353 353 873 873 873 352 352 352 153 153 153 874 874 874 661 661 661 166 166 166 356 356 356 357 357 357 357 357 357 1045 1045 1045 510 510 510 508 508 508 510 510 510 167 167 167 713 713 713 875 875 875 711 711 711 711 711 711 875 875 875 1245 1245 1245 712 712 712 711 711 711 168 168 168 715 715 715 170 170 170 877 877 877 1051 1051 1051 877 877 877 171 171 171 178 178 178 878 878 878 719 719 719 879 879 879 719 719 719 718 718 718 181 181 181 880 880 880 720 720 720 720 720 720 1140 1140 1140 99 99 99 1061 1061 1061 358 358 358 359 359 359 190 190 190 726 726 726 189 189 189 726 726 726 190 190 190 361 361 361 364 364 364 363 363 363 193 193 193 366 366 366 882 882 882 365 365 365 368 368 368 884 884 884 367 367 367 199 199 199 886 886 886 665 665 665 369 369 369 887 887 887 666 666 666 667 667 667 666 666 666 200 200 200 890 890 890 668 668 668 736 736 736 891 891 891 377 377 377 376 376 376 670 670 670 217 217 217 1215 1215 1215 378 378 378 669 669 669 218 218 218 892 892 892 670 670 670 378 378 378 893 893 893 671 671 671 1019 1019 1019 380 380 380 379 379 379 221 221 221 744 744 744 224 224 224 1216 1216 1216 238 238 238 895 895 895 390 390 390 133 133 133 985 985 985 134 134 134 895 895 895 134 134 134 1143 1143 1143 132 132 132 896 896 896 898 898 898 896 896 896 240 240 240 897 897 897 898 898 898 897 897 897 241 241 241 133 133 133 242 242 242 900 900 900 899 899 899 900 900 900 242 242 242 899 899 899 391 391 391 392 392 392 901 901 901 244 244 244 902 902 902 245 245 245 902 902 902 137 137 137 246 246 246 903 903 903 781 781 781 903 903 903 393 393 393 748 748 748 781 781 781 748 748 748 135 135 135 393 393 393 903 903 903 26 26 26 1057 1057 1057 26 26 26 903 903 903 904 904 904 565 565 565 249 249 249 250 250 250 1072 1072 1072 619 619 619 1083 1083 1083 750 750 750 905 905 905 905 905 905 750 750 750 701 701 701 259 259 259 1205 1205 1205 258 258 258 571 571 571 1186 1186 1186 260 260 260 674 674 674 397 397 397 142 142 142 674 674 674 261 261 261 907 907 907 1031 1031 1031 675 675 675 908 908 908 675 675 675 398 398 398 909 909 909 141 141 141 909 909 909 398 398 398 400 400 400 910 910 910 1173 1173 1173 759 759 759 911 911 911 400 400 400 266 266 266 1109 1109 1109 640 640 640 676 676 676 912 912 912 405 405 405 405 405 405 913 913 913 676 676 676 913 913 913 405 405 405 153 153 153 277 277 277 677 677 677 914 914 914 152 152 152 1221 1221 1221 916 916 916 678 678 678 916 916 916 1221 1221 1221 917 917 917 678 678 678 1160 1160 1160 920 920 920 408 408 408 1146 1146 1146 765 765 765 282 282 282 1147 1147 1147 410 410 410 921 921 921 595 595 595 595 595 595 921 921 921 1133 1133 1133 89 89 89 318 318 318 1217 1217 1217 261 261 261 416 416 416 680 680 680 416 416 416 922 922 922 417 417 417 1033 1033 1033 923 923 923 767 767 767 767 767 767 923 923 923 166 166 166 1163 1163 1163 419 419 419 1148 1148 1148 888 888 888 924 924 924 238 238 238 925 925 925 238 238 238 924 924 924 48 48 48 924 924 924 770 770 770 924 924 924 888 888 888 926 926 926 770 770 770 926 926 926 1011 1011 1011 929 929 929 928 928 928 876 876 876 56 56 56 1187 1187 1187 772 772 772 927 927 927 299 299 299 831 831 831 772 772 772 831 831 831 1048 1048 1048 712 712 712 931 931 931 897 897 897 20 20 20 1188 1188 1188 251 251 251 300 300 300 1243 1243 1243 932 932 932 1243 1243 1243 242 242 242 774 774 774 932 932 932 774 774 774 172 172 172 93 93 93 1253 1253 1253 301 301 301 96 96 96 330 330 330 1208 1208 1208 937 937 937 1247 1247 1247 850 850 850 938 938 938 937 937 937 1227 1227 1227 940 940 940 262 262 262 1189 1189 1189 939 939 939 1189 1189 1189 941 941 941 52 52 52 942 942 942 778 778 778 942 942 942 218 218 218 943 943 943 778 778 778 943 943 943 177 177 177 218 218 218 942 942 942 249 249 249 945 945 945 308 308 308 1190 1190 1190 511 511 511 1209 1209 1209 949 949 949 278 278 278 949 949 949 423 423 423 784 784 784 424 424 424 785 785 785 425 425 425 1062 1062 1062 681 681 681 279 279 279 425 425 425 681 681 681 1070 1070 1070 618 618 618 53 53 53 517 517 517 430 430 430 190 190 190 1083 1083 1083 794 794 794 793 793 793 569 569 569 432 432 432 259 259 259 1085 1085 1085 797 797 797 433 433 433 433 433 433 951 951 951 255 255 255 1088 1088 1088 434 434 434 952 952 952 434 434 434 680 680 680 435 435 435 952 952 952 435 435 435 953 953 953 192 192 192 799 799 799 521 521 521 524 524 524 436 436 436 195 195 195 437 437 437 800 800 800 300 300 300 439 439 439 440 440 440 441 441 441 440 440 440 439 439 439 883 883 883 441 441 441 954 954 954 801 801 801 954 954 954 441 441 441 440 440 440 683 683 683 323 323 323 682 682 682 442 442 442 682 682 682 199 199 199 955 955 955 683 683 683 442 442 442 197 197 197 1004 1004 1004 1149 1149 1149 809 809 809 963 963 963 684 684 684 956 956 956 684 684 684 963 963 963 868 868 868 812 812 812 958 958 958 685 685 685 958 958 958 812 812 812 812 812 812 811 811 811 685 685 685 959 959 959 685 685 685 324 324 324 958 958 958 685 685 685 960 960 960 112 112 112 815 815 815 686 686 686 961 961 961 686 686 686 815 815 815 688 688 688 111 111 111 445 445 445 446 446 446 1180 1180 1180 963 963 963 448 448 448 447 447 447 964 964 964 451 451 451 62 62 62 449 449 449 451 451 451 1136 1136 1136 966 966 966 965 965 965 966 966 966 1136 1136 1136 92 92 92 452 452 452 454 454 454 453 453 453 454 454 454 452 452 452 453 453 453 452 452 452 1218 1218 1218 967 967 967 454 454 454 453 453 453 1107 1107 1107 639 639 639 68 68 68 1151 1151 1151 1214 1214 1214 464 464 464 1241 1241 1241 691 691 691 467 467 467 969 969 969 466 466 466 968 968 968 1015 1015 1015 690 690 690 125 125 125 340 340 340 970 970 970 842 842 842 970 970 970 971 971 971 972 972 972 842 842 842 972 972 972 631 631 631 972 972 972 842 842 842 970 970 970 317 317 317 468 468 468 847 847 847 847 847 847 468 468 468 692 692 692 468 468 468 1127 1127 1127 973 973 973 469 469 469 974 974 974 470 470 470 472 472 472 975 975 975 473 473 473 215 215 215 475 475 475 694 694 694 475 475 475 976 976 976 693 693 693 694 694 694 693 693 693 322 322 322 969 969 969 695 695 695 858 858 858 695 695 695 969 969 969 977 977 977 1017 1017 1017 1152 1152 1152 220 220 220 861 861 861 978 978 978 479 479 479 477 477 477 979 979 979 478 478 478 980 980 980 478 478 478 979 979 979 1089 1089 1089 1088 1088 1088 479 479 479 1062 1062 1062 696 696 696 481 481 481 1092 1092 1092 696 696 696 1191 1191 1191 1192 1192 1192 556 556 556 222 222 222 1040 1040 1040 1192 1192 1192 281 281 281 1192 1192 1192 222 222 222 311 311 311 281 281 281 785 785 785 612 612 612 982 982 982 284 284 284 482 482 482 865 865 865 482 482 482 1094 1094 1094 310 310 310 1056 1056 1056 1193 1193 1193 1133 1133 1133 867 867 867 868 868 868 228 228 228 1239 1239 1239 325 325 325 48 48 48 697 697 697 984 984 984 697 697 697 132 132 132 983 983 983 984 984 984 983 983 983 134 134 134 133 133 133 983 983 983 773 773 773 983 983 983 133 133 133 134 134 134 985 985 985 747 747 747 1143 1143 1143 392 392 392 747 747 747 985 985 985 900 900 900 985 985 985 133 133 133 135 135 135 748 748 748 869 869 869 749 749 749 393 393 393 986 986 986 869 869 869 749 749 749 136 136 136 248 248 248 986 986 986 51 51 51 986 986 986 248 248 248 904 904 904 906 906 906 140 140 140 493 493 493 1029 1029 1029 751 751 751 1155 1155 1155 751 751 751 987 987 987 347 347 347 702 702 702 987 987 987 494 494 494 496 496 496 988 988 988 495 495 495 350 350 350 703 703 703 141 141 141 703 703 703 350 350 350 989 989 989 142 142 142 989 989 989 350 350 350 348 348 348 871 871 871 704 704 704 497 497 497 704 704 704 1194 1194 1194 348 348 348 497 497 497 872 872 872 1249 1249 1249 872 872 872 497 497 497 705 705 705 498 498 498 349 349 349 705 705 705 63 63 63 498 498 498 501 501 501 873 873 873 353 353 353 874 874 874 706 706 706 353 353 353 991 991 991 707 707 707 77 77 77 352 352 352 502 502 502 152 152 152 708 708 708 153 153 153 661 661 661 661 661 661 992 992 992 708 708 708 992 992 992 661 661 661 152 152 152 993 993 993 154 154 154 994 994 994 154 154 154 764 764 764 79 79 79 764 764 764 154 154 154 993 993 993 994 994 994 504 504 504 710 710 710 993 993 993 710 710 710 709 709 709 920 920 920 155 155 155 766 766 766 709 709 709 766 766 766 155 155 155 63 63 63 507 507 507 508 508 508 507 507 507 166 166 166 357 357 357 509 509 509 1046 1046 1046 1138 1138 1138 356 356 356 1163 1163 1163 1045 1045 1045 1163 1163 1163 356 356 356 1138 1138 1138 92 92 92 875 875 875 169 169 169 876 876 876 928 928 928 995 995 995 995 995 995 251 251 251 930 930 930 169 169 169 713 713 713 771 771 771 713 713 713 240 240 240 996 996 996 49 49 49 714 714 714 172 172 172 714 714 714 49 49 49 775 775 775 170 170 170 935 935 935 877 877 877 934 934 934 1253 1253 1253 997 997 997 877 877 877 934 934 934 171 171 171 184 184 184 997 997 997 93 93 93 997 997 997 184 184 184 936 936 936 262 262 262 940 940 940 1227 1227 1227 940 940 940 176 176 176 938 938 938 937 937 937 938 938 938 1247 1247 1247 178 178 178 999 999 999 878 878 878 999 999 999 1247 1247 1247 998 998 998 878 878 878 998 998 998 176 176 176 177 177 177 879 879 879 1238 1238 1238 778 778 778 1238 1238 1238 52 52 52 201 201 201 1001 1001 1001 98 98 98 1001 1001 1001 201 201 201 179 179 179 181 181 181 947 947 947 880 880 880 946 946 946 1190 1190 1190 1001 1001 1001 135 135 135 698 698 698 782 782 782 698 698 698 137 137 137 780 780 780 782 782 782 780 780 780 180 180 180 1059 1059 1059 723 723 723 1058 1058 1058 511 511 511 1058 1058 1058 723 723 723 784 784 784 359 359 359 723 723 723 359 359 359 784 784 784 1061 1061 1061 1209 1209 1209 358 358 358 514 514 514 182 182 182 623 623 623 790 790 790 792 792 792 108 108 108 1002 1002 1002 188 188 188 1002 1002 1002 1195 1195 1195 188 188 188 795 795 795 1002 1002 1002 1002 1002 1002 726 726 726 361 361 361 61 61 61 795 795 795 188 188 188 432 432 432 517 517 517 189 189 189 796 796 796 518 518 518 193 193 193 951 951 951 1028 1028 1028 59 59 59 882 882 882 727 727 727 196 196 196 883 883 883 525 525 525 366 366 366 196 196 196 526 526 526 882 882 882 526 526 526 111 111 111 527 527 527 365 365 365 527 527 527 1004 1004 1004 883 883 883 664 664 664 1005 1005 1005 728 728 728 1005 1005 1005 664 664 664 664 664 664 1004 1004 1004 197 197 197 528 528 528 728 728 728 197 197 197 529 529 529 728 728 728 1006 1006 1006 730 730 730 34 34 34 729 729 729 884 884 884 729 729 729 198 198 198 886 886 886 730 730 730 368 368 368 198 198 198 731 731 731 884 884 884 1007 1007 1007 731 731 731 1097 1097 1097 885 885 885 367 367 367 530 530 530 732 732 732 199 199 199 665 665 665 665 665 665 1008 1008 1008 732 732 732 1008 1008 1008 665 665 665 885 885 885 1009 1009 1009 532 532 532 531 531 531 733 733 733 769 769 769 821 821 821 533 533 533 887 887 887 733 733 733 888 888 888 534 534 534 369 369 369 734 734 734 887 887 887 964 964 964 535 535 535 1010 1010 1010 734 734 734 1010 1010 1010 535 535 535 1110 1110 1110 888 888 888 667 667 667 926 926 926 537 537 537 926 926 926 667 667 667 667 667 667 200 200 200 537 537 537 205 205 205 643 643 643 833 833 833 1124 1124 1124 1012 1012 1012 543 543 543 889 889 889 377 377 377 1013 1013 1013 891 891 891 216 216 216 543 543 543 889 889 889 1014 1014 1014 668 668 668 736 736 736 668 668 668 1014 1014 1014 544 544 544 1015 1015 1015 545 545 545 890 890 890 736 736 736 215 215 215 844 844 844 891 891 891 738 738 738 376 376 376 890 890 890 737 737 737 1128 1128 1128 1016 1016 1016 853 853 853 739 739 739 853 853 853 1016 1016 1016 853 853 853 739 739 739 219 219 219 892 892 892 219 219 219 739 739 739 669 669 669 740 740 740 943 943 943 943 943 943 218 218 218 669 669 669 219 219 219 741 741 741 549 549 549 741 741 741 219 219 219 892 892 892 549 549 549 741 741 741 779 779 779 550 550 550 1017 1017 1017 380 380 380 1017 1017 1017 220 220 220 671 671 671 742 742 742 220 220 220 552 552 552 742 742 742 1018 1018 1018 553 553 553 1019 1019 1019 671 671 671 742 742 742 554 554 554 221 221 221 743 743 743 743 743 743 893 893 893 1020 1020 1020 554 554 554 743 743 743 109 109 109 1020 1020 1020 109 109 109 743 743 743 381 381 381 556 556 556 223 223 223 1040 1040 1040 81 81 81 982 982 982 894 894 894 558 558 558 1093 1093 1093 99 99 99 1201 1201 1201 1021 1021 1021 383 383 383 1021 1021 1021 744 744 744 1021 1021 1021 383 383 383 226 226 226 226 226 226 383 383 383 79 79 79 80 80 80 1022 1022 1022 229 229 229 384 384 384 1023 1023 1023 745 745 745 1023 1023 1023 229 229 229 1022 1022 1022 1134 1134 1134 1023 1023 1023 112 112 112 239 239 239 746 746 746 390 390 390 238 238 238 925 925 925 895 895 895 925 925 925 48 48 48 984 984 984 895 895 895 984 984 984 134 134 134 996 996 996 240 240 240 896 896 896 996 996 996 896 896 896 132 132 132 931 931 931 930 930 930 1188 1188 1188 897 897 897 931 931 931 241 241 241 1047 1047 1047 21 21 21 1025 1025 1025 21 21 21 1047 1047 1047 391 391 391 308 308 308 945 945 945 1220 1220 1220 945 945 945 244 244 244 941 941 941 939 939 939 1026 1026 1026 176 176 176 245 245 245 717 717 717 901 901 901 901 901 901 1026 1026 1026 244 244 244 52 52 52 1000 1000 1000 700 700 700 700 700 700 245 245 245 137 137 137 51 51 51 672 672 672 247 247 247 249 249 249 870 870 870 136 136 136 870 870 870 249 249 249 942 942 942 567 567 567 255 255 255 394 394 394 394 394 394 255 255 255 59 59 59 494 494 494 794 794 794 905 905 905 794 794 794 1083 1083 1083 905 905 905 702 702 702 905 905 905 701 701 701 1027 1027 1027 906 906 906 493 493 493 1027 1027 1027 59 59 59 1028 1028 1028 673 673 673 1028 1028 1028 256 256 256 1025 1025 1025 395 395 395 673 673 673 395 395 395 1025 1025 1025 21 21 21 347 347 347 701 701 701 140 140 140 987 987 987 396 396 396 61 61 61 987 987 987 1029 1029 1029 396 396 396 1029 1029 1029 1155 1155 1155 1169 1169 1169 1029 1029 1029 987 987 987 751 751 751 436 436 436 569 569 569 258 258 258 1202 1202 1202 260 260 260 752 752 752 570 570 570 752 752 752 907 907 907 989 989 989 397 397 397 1182 1182 1182 261 261 261 674 674 674 754 754 754 674 674 674 142 142 142 753 753 753 990 990 990 753 753 753 142 142 142 495 495 495 988 988 988 1196 1196 1196 399 399 399 572 572 572 1246 1246 1246 495 495 495 909 909 909 703 703 703 909 909 909 495 495 495 399 399 399 756 756 756 1246 1246 1246 573 573 573 755 755 755 573 573 573 35 35 35 675 675 675 1144 1144 1144 908 908 908 1144 1144 1144 756 756 756 755 755 755 141 141 141 398 398 398 871 871 871 1031 1031 1031 398 398 398 675 675 675 705 705 705 757 757 757 63 63 63 1032 1032 1032 757 757 757 401 401 401 911 911 911 767 767 767 401 401 401 1249 1249 1249 497 497 497 758 758 758 759 759 759 1033 1033 1033 911 911 911 1173 1173 1173 689 689 689 400 400 400 577 577 577 576 576 576 1034 1034 1034 28 28 28 761 761 761 585 585 585 761 761 761 1145 1145 1145 760 760 760 912 912 912 676 676 676 1145 1145 1145 585 585 585 760 760 760 276 276 276 912 912 912 1035 1035 1035 405 405 405 848 848 848 76 76 76 762 762 762 405 405 405 762 762 762 874 874 874 874 874 874 153 153 153 405 405 405 276 276 276 406 406 406 1203 1203 1203 406 406 406 913 913 913 503 503 503 708 708 708 503 503 503 913 913 913 1213 1213 1213 1236 1236 1236 587 587 587 501 501 501 915 915 915 873 873 873 915 915 915 501 501 501 1213 1213 1213 1237 1237 1237 677 677 677 588 588 588 1237 1237 1237 1036 1036 1036 1037 1037 1037 677 677 677 1237 1237 1237 1206 1206 1206 1037 1037 1037 1206 1206 1206 1237 1237 1237 873 873 873 763 763 763 707 707 707 763 763 763 873 873 873 915 915 915 407 407 407 278 278 278 1158 1158 1158 77 77 77 707 707 707 763 763 763 78 78 78 1159 1159 1159 589 589 589 1159 1159 1159 992 992 992 916 916 916 589 589 589 919 919 919 280 280 280 502 502 502 991 991 991 1183 1183 1183 279 279 279 1160 1160 1160 1183 1183 1183 590 590 590 591 591 591 918 918 918 918 918 918 917 917 917 590 590 590 1063 1063 1063 1204 1204 1204 590 590 590 612 612 612 1038 1038 1038 281 281 281 679 679 679 281 281 281 1038 1038 1038 281 281 281 679 679 679 1040 1040 1040 1040 1040 1040 1039 1039 1039 81 81 81 1161 1161 1161 1039 1039 1039 920 920 920 1041 1041 1041 154 154 154 593 593 593 410 410 410 284 284 284 1161 1161 1161 709 709 709 710 710 710 921 921 921 710 710 710 504 504 504 867 867 867 921 921 921 710 710 710 867 867 867 284 284 284 410 410 410 596 596 596 294 294 294 604 604 604 295 295 295 605 605 605 1042 1042 1042 570 570 570 907 907 907 261 261 261 1043 1043 1043 680 680 680 1043 1043 1043 261 261 261 416 416 416 754 754 754 1030 1030 1030 1030 1030 1030 63 63 63 922 922 922 508 508 508 922 922 922 63 63 63 167 167 167 922 922 922 508 508 508 680 680 680 417 417 417 435 435 435 922 922 922 167 167 167 417 417 417 606 606 606 167 167 167 91 91 91 1033 1033 1033 418 418 418 923 923 923 418 418 418 1033 1033 1033 577 577 577 1034 1034 1034 746 746 746 768 768 768 746 746 746 1034 1034 1034 769 769 769 418 418 418 768 768 768 1044 1044 1044 1044 1044 1044 746 746 746 239 239 239 418 418 418 1044 1044 1044 509 509 509 50 50 50 509 509 509 1044 1044 1044 50 50 50 1044 1044 1044 239 239 239 510 510 510 1045 1045 1045 607 607 607 1046 1046 1046 243 243 243 419 419 419 243 243 243 1046 1046 1046 50 50 50 391 391 391 1047 1047 1047 243 243 243 419 419 419 243 243 243 1047 1047 1047 169 169 169 1011 1011 1011 1156 1156 1156 1245 1245 1245 454 454 454 929 929 929 967 967 967 299 299 299 454 454 454 138 138 138 1048 1048 1048 5 5 5 1243 1243 1243 1049 1049 1049 242 242 242 172 172 172 773 773 773 49 49 49 94 94 94 1050 1050 1050 716 716 716 1050 1050 1050 300 300 300 932 932 932 716 716 716 932 932 932 172 172 172 170 170 170 775 775 775 935 935 935 775 775 775 132 132 132 898 898 898 935 935 935 898 898 898 241 241 241 302 302 302 1051 1051 1051 171 171 171 715 715 715 877 877 877 1051 1051 1051 305 305 305 610 610 610 306 306 306 999 999 999 470 470 470 974 974 974 470 470 470 999 999 999 178 178 178 1054 1054 1054 218 218 218 249 249 249 565 565 565 1054 1054 1054 249 249 249 244 244 244 947 947 947 902 902 902 902 902 902 181 181 181 137 137 137 180 180 180 721 721 721 1056 1056 1056 721 721 721 99 99 99 1055 1055 1055 1056 1056 1056 1055 1055 1055 1193 1193 1193 1057 1057 1057 246 246 246 310 310 310 779 779 779 1210 1210 1210 783 783 783 783 783 783 1036 1036 1036 779 779 779 1210 1210 1210 248 248 248 948 948 948 783 783 783 948 948 948 422 422 422 1037 1037 1037 422 422 422 949 949 949 248 248 248 1058 1058 1058 948 948 948 1058 1058 1058 248 248 248 51 51 51 1058 1058 1058 511 511 511 422 422 422 278 278 278 423 423 423 1158 1158 1158 1158 1158 1158 423 423 423 514 514 514 51 51 51 247 247 247 1059 1059 1059 424 424 424 1059 1059 1059 247 247 247 1060 1060 1060 247 247 247 672 672 672 1060 1060 1060 672 672 672 26 26 26 1061 1061 1061 1178 1178 1178 512 512 512 77 77 77 724 724 724 991 991 991 950 950 950 991 991 991 724 724 724 724 724 724 881 881 881 950 950 950 881 881 881 786 786 786 950 950 950 786 786 786 881 881 881 513 513 513 279 279 279 681 681 681 787 787 787 787 787 787 917 917 917 279 279 279 681 681 681 481 481 481 787 787 787 481 481 481 681 681 681 1062 1062 1062 313 313 313 616 616 616 335 335 335 1066 1066 1066 540 540 540 617 617 617 618 618 618 402 402 402 53 53 53 315 315 315 566 566 566 1071 1071 1071 789 789 789 1071 1071 1071 566 566 566 28 28 28 307 307 307 1073 1073 1073 1223 1223 1223 316 316 316 426 426 426 621 621 621 1223 1223 1223 426 426 426 1074 1074 1074 426 426 426 1075 1075 1075 317 317 317 1075 1075 1075 622 622 622 317 317 317 622 622 622 1076 1076 1076 790 790 790 1076 1076 1076 622 622 622 1078 1078 1078 625 625 625 624 624 624 318 318 318 414 414 414 1080 1080 1080 627 627 627 603 603 603 1081 1081 1081 415 415 415 1081 1081 1081 603 603 603 7 7 7 1211 1211 1211 187 187 187 430 430 430 1211 1211 1211 791 791 791 321 321 321 1082 1082 1082 190 190 190 1083 1083 1083 793 793 793 631 631 631 1166 1166 1166 107 107 107 1197 1197 1197 189 189 189 1084 1084 1084 259 259 259 1084 1084 1084 189 189 189 726 726 726 396 396 396 1084 1084 1084 795 795 795 1167 1167 1167 320 320 320 1166 1166 1166 1085 1085 1085 322 322 322 797 797 797 632 632 632 433 433 433 255 255 255 1086 1086 1086 1240 1240 1240 518 518 518 193 193 193 518 518 518 364 364 364 255 255 255 951 951 951 59 59 59 522 522 522 951 951 951 797 797 797 109 109 109 1087 1087 1087 191 191 191 862 862 862 1088 1088 1088 952 952 952 953 953 953 191 191 191 1087 1087 1087 1088 1088 1088 798 798 798 434 434 434 798 798 798 1088 1088 1088 1089 1089 1089 863 863 863 1042 1042 1042 605 605 605 434 434 434 1043 1043 1043 680 680 680 1043 1043 1043 434 434 434 798 798 798 191 191 191 953 953 953 519 519 519 519 519 519 606 606 606 91 91 91 256 256 256 1028 1028 1028 521 521 521 298 298 298 192 192 192 520 520 520 1025 1025 1025 608 608 608 1047 1047 1047 1168 1168 1168 32 32 32 1167 1167 1167 258 258 258 1169 1169 1169 195 195 195 1169 1169 1169 258 258 258 1205 1205 1205 1230 1230 1230 1169 1169 1169 1155 1155 1155 1170 1170 1170 254 254 254 1168 1168 1168 437 437 437 60 60 60 568 568 568 257 257 257 1049 1049 1049 800 800 800 1049 1049 1049 257 257 257 395 395 395 21 21 21 1049 1049 1049 395 395 395 1049 1049 1049 21 21 21 899 899 899 523 523 523 1090 1090 1090 94 94 94 1090 1090 1090 523 523 523 1003 1003 1003 1090 1090 1090 437 437 437 300 300 300 1171 1171 1171 58 58 58 1170 1170 1170 1091 1091 1091 194 194 194 523 523 523 94 94 94 1051 1051 1051 523 523 523 1091 1091 1091 523 523 523 1051 1051 1051 139 139 139 1052 1052 1052 10 10 10 1091 1091 1091 302 302 302 1052 1052 1052 802 802 802 1202 1202 1202 1063 1063 1063 1191 1191 1191 441 441 441 1092 1092 1092 1202 1202 1202 801 801 801 260 260 260 441 441 441 1191 1191 1191 439 439 439 803 803 803 439 439 439 1191 1191 1191 803 803 803 110 110 110 525 525 525 260 260 260 954 954 954 571 571 571 804 804 804 571 571 571 954 954 954 1005 1005 1005 529 529 529 440 440 440 571 571 571 804 804 804 1182 1182 1182 1006 1006 1006 988 988 988 804 804 804 110 110 110 1093 1093 1093 727 727 727 805 805 805 727 727 727 1093 1093 1093 727 727 727 805 805 805 196 196 196 955 955 955 196 196 196 805 805 805 323 323 323 1094 1094 1094 682 682 682 806 806 806 682 682 682 1094 1094 1094 634 634 634 34 34 34 730 730 730 682 682 682 806 806 806 199 199 199 886 886 886 199 199 199 806 806 806 196 196 196 955 955 955 807 807 807 807 807 807 526 526 526 196 196 196 732 732 732 532 532 532 442 442 442 526 526 526 807 807 807 111 111 111 1009 1009 1009 111 111 111 807 807 807 808 808 808 1196 1196 1196 1006 1006 1006 572 572 572 957 957 957 1246 1246 1246 809 809 809 1149 1149 1149 1004 1004 1004 527 527 527 688 688 688 446 446 446 573 573 573 1095 1095 1095 35 35 35 34 34 34 1172 1172 1172 729 729 729 729 729 729 810 810 810 198 198 198 960 960 960 198 198 198 810 810 810 868 868 868 635 635 635 812 812 812 811 811 811 1096 1096 1096 962 962 962 685 685 685 811 811 811 324 324 324 962 962 962 324 324 324 811 811 811 198 198 198 813 813 813 731 731 731 813 813 813 198 198 198 960 960 960 1007 1007 1007 1097 1097 1097 113 113 113 1097 1097 1097 731 731 731 813 813 813 961 961 961 814 814 814 326 326 326 1099 1099 1099 1 1 1 1100 1100 1100 1098 1098 1098 1100 1100 1100 637 637 637 816 816 816 637 637 637 1101 1101 1101 814 814 814 1101 1101 1101 326 326 326 1185 1185 1185 324 324 324 962 962 962 444 444 444 961 961 961 1102 1102 1102 961 961 961 326 326 326 1102 1102 1102 1185 1185 1185 1102 1102 1102 638 638 638 817 817 817 638 638 638 1103 1103 1103 1097 1097 1097 1103 1103 1103 113 113 113 445 445 445 111 111 111 1009 1009 1009 818 818 818 1104 1104 1104 1222 1222 1222 445 445 445 1104 1104 1104 687 687 687 687 687 687 1104 1104 1104 327 327 327 885 885 885 530 530 530 1105 1105 1105 818 818 818 1105 1105 1105 639 639 639 530 530 530 1007 1007 1007 1106 1106 1106 1007 1007 1007 113 113 113 1106 1106 1106 1105 1105 1105 1106 1106 1106 639 639 639 818 818 818 639 639 639 1107 1107 1107 1104 1104 1104 1107 1107 1107 327 327 327 963 963 963 1180 1180 1180 819 819 819 1180 1180 1180 687 687 687 1108 1108 1108 687 687 687 327 327 327 1108 1108 1108 819 819 819 1108 1108 1108 640 640 640 820 820 820 640 640 640 1109 1109 1109 1095 1095 1095 1109 1109 1109 35 35 35 733 733 733 821 821 821 533 533 533 821 821 821 769 769 769 1034 1034 1034 576 576 576 689 689 689 448 448 448 533 533 533 964 964 964 887 887 887 1173 1173 1173 822 822 822 689 689 689 966 966 966 328 328 328 1199 1199 1199 535 535 535 734 734 734 964 964 964 826 826 826 447 447 447 328 328 328 1010 1010 1010 1110 1110 1110 114 114 114 62 62 62 823 823 823 449 449 449 574 574 574 1031 1031 1031 641 641 641 824 824 824 641 641 641 1031 1031 1031 449 449 449 1111 1111 1111 450 450 450 450 450 450 1111 1111 1111 329 329 329 908 908 908 1144 1144 1144 1112 1112 1112 1144 1144 1144 755 755 755 1112 1112 1112 824 824 824 1112 1112 1112 642 642 642 755 755 755 35 35 35 1113 1113 1113 1112 1112 1112 1113 1113 1113 642 642 642 641 641 641 824 824 824 1114 1114 1114 824 824 824 642 642 642 1114 1114 1114 1111 1111 1111 1114 1114 1114 329 329 329 965 965 965 1136 1136 1136 1115 1115 1115 450 450 450 329 329 329 1115 1115 1115 965 965 965 1115 1115 1115 643 643 643 1116 1116 1116 826 826 826 825 825 825 825 825 825 643 643 643 1116 1116 1116 1110 1110 1110 1116 1116 1116 114 114 114 452 452 452 92 92 92 1156 1156 1156 453 453 453 1218 1218 1218 330 330 330 1218 1218 1218 452 452 452 827 827 827 828 828 828 536 536 536 644 644 644 536 536 536 1010 1010 1010 1117 1117 1117 1010 1010 1010 114 114 114 1117 1117 1117 536 536 536 1117 1117 1117 644 644 644 829 829 829 828 828 828 1118 1118 1118 828 828 828 644 644 644 1118 1118 1118 1218 1218 1218 1118 1118 1118 330 330 330 830 830 830 299 299 299 967 967 967 453 453 453 330 330 330 1119 1119 1119 967 967 967 1119 1119 1119 645 645 645 830 830 830 645 645 645 1120 1120 1120 1048 1048 1048 1120 1120 1120 5 5 5 333 333 333 637 637 637 344 344 344 1102 1102 1102 561 561 561 638 638 638 639 639 639 411 411 411 68 68 68 327 327 327 578 578 578 1108 1108 1108 832 832 832 1108 1108 1108 578 578 578 35 35 35 312 312 312 1113 1113 1113 1224 1224 1224 334 334 334 455 455 455 642 642 642 1224 1224 1224 455 455 455 1114 1114 1114 455 455 455 1122 1122 1122 329 329 329 1122 1122 1122 649 649 649 329 329 329 649 649 649 1115 1115 1115 833 833 833 1115 1115 1115 649 649 649 1117 1117 1117 651 651 651 650 650 650 1118 1118 1118 456 456 456 1208 1208 1208 330 330 330 420 420 420 1119 1119 1119 645 645 645 609 609 609 1120 1120 1120 421 421 421 1120 1120 1120 609 609 609 460 460 460 335 335 335 1064 1064 1064 617 617 617 725 725 725 1067 1067 1067 210 210 210 5 5 5 13 13 13 7 7 7 1064 1064 1064 1211 1211 1211 1064 1064 1064 616 616 616 791 791 791 1065 1065 1065 314 314 314 1139 1139 1139 616 616 616 1065 1065 1065 834 834 834 314 314 314 1066 1066 1066 1151 1151 1151 1066 1066 1066 617 617 617 1123 1123 1123 617 617 617 1067 1067 1067 835 835 835 1067 1067 1067 103 103 103 1124 1124 1124 835 835 835 1067 1067 1067 836 836 836 1123 1123 1123 835 835 835 1214 1214 1214 835 835 835 1123 1123 1123 617 617 617 1151 1151 1151 1139 1139 1139 314 314 314 837 837 837 108 108 108 792 792 792 108 108 108 837 837 837 465 465 465 103 103 103 1069 1069 1069 1012 1012 1012 1012 1012 1012 1069 1069 1069 1013 1013 1013 618 618 618 1070 1070 1070 838 838 838 838 838 838 1070 1070 1070 839 839 839 1013 1013 1013 838 838 838 889 889 889 315 315 315 1071 1071 1071 1241 1241 1241 1071 1071 1071 619 619 619 1125 1125 1125 691 691 691 1241 1241 1241 968 968 968 619 619 619 1072 1072 1072 840 840 840 1072 1072 1072 28 28 28 859 859 859 1125 1125 1125 619 619 619 840 840 840 968 968 968 1125 1125 1125 969 969 969 839 839 839 544 544 544 1014 1014 1014 1070 1070 1070 315 315 315 1252 1252 1252 467 467 467 690 690 690 1015 1015 1015 108 108 108 464 464 464 1195 1195 1195 1214 1214 1214 340 340 340 841 841 841 842 842 842 841 841 841 340 340 340 793 793 793 630 630 630 842 842 842 1124 1124 1124 543 543 543 843 843 843 1012 1012 1012 1124 1124 1124 103 103 103 843 843 843 216 216 216 971 971 971 216 216 216 843 843 843 543 543 543 971 971 971 216 216 216 844 844 844 891 891 891 844 844 844 216 216 216 631 631 631 972 972 972 1250 1250 1250 28 28 28 1073 1073 1073 761 761 761 1073 1073 1073 621 621 621 1126 1126 1126 621 621 621 1074 1074 1074 1235 1235 1235 1235 1235 1235 1074 1074 1074 845 845 845 761 761 761 1126 1126 1126 1145 1145 1145 1126 1126 1126 621 621 621 1235 1235 1235 1145 1145 1145 1126 1126 1126 912 912 912 317 317 317 1076 1076 1076 468 468 468 1076 1076 1076 623 623 623 1127 1127 1127 623 623 623 1077 1077 1077 846 846 846 1077 1077 1077 104 104 104 1128 1128 1128 846 846 846 1077 1077 1077 656 656 656 468 468 468 1076 1076 1076 1127 1127 1127 845 845 845 848 848 848 1035 1035 1035 845 845 845 1074 1074 1074 847 847 847 1074 1074 1074 317 317 317 847 847 847 76 76 76 848 848 848 692 692 692 104 104 104 1078 1078 1078 1016 1016 1016 1078 1078 1078 626 626 626 546 546 546 626 626 626 1079 1079 1079 849 849 849 1079 1079 1079 318 318 318 1129 1129 1129 849 849 849 217 217 217 626 626 626 318 318 318 1080 1080 1080 469 469 469 1080 1080 1080 627 627 627 974 974 974 627 627 627 1081 1081 1081 850 850 850 1081 1081 1081 3 3 3 1053 1053 1053 1129 1129 1129 471 471 471 851 851 851 851 851 851 777 777 777 548 548 548 474 474 474 852 852 852 341 341 341 277 277 277 852 852 852 474 474 474 472 472 472 341 341 341 656 656 656 1016 1016 1016 1128 1128 1128 104 104 104 853 853 853 219 219 219 975 975 975 588 588 588 474 474 474 473 473 473 549 549 549 975 975 975 219 219 219 854 854 854 779 779 779 1036 1036 1036 779 779 779 854 854 854 549 549 549 890 890 890 215 215 215 855 855 855 694 694 694 855 855 855 215 215 215 855 855 855 694 694 694 1085 1085 1085 322 322 322 1085 1085 1085 694 694 694 736 736 736 545 545 545 475 475 475 1015 1015 1015 125 125 125 856 856 856 551 551 551 856 856 856 125 125 125 856 856 856 551 551 551 976 976 976 221 221 221 976 976 976 551 551 551 857 857 857 1086 1086 1086 693 693 693 976 976 976 221 221 221 857 857 857 554 554 554 857 857 857 221 221 221 857 857 857 554 554 554 1240 1240 1240 109 109 109 1240 1240 1240 554 554 554 550 550 550 690 690 690 466 466 466 858 858 858 1152 1152 1152 1017 1017 1017 476 476 476 977 977 977 859 859 859 585 585 585 859 859 859 28 28 28 276 276 276 476 476 476 585 585 585 860 860 860 78 78 78 1018 1018 1018 78 78 78 860 860 860 586 586 586 862 862 862 1087 1087 1087 1020 1020 1020 893 893 893 1019 1019 1019 861 861 861 978 978 978 861 861 861 1019 1019 1019 862 862 862 479 479 479 1088 1088 1088 1019 1019 1019 553 553 553 978 978 978 477 477 477 978 978 978 553 553 553 1018 1018 1018 78 78 78 1200 1200 1200 1200 1200 1200 589 589 589 979 979 979 280 280 280 979 979 979 589 589 589 980 980 980 1089 1089 1089 478 478 478 918 918 918 591 591 591 280 280 280 802 802 802 1063 1063 1063 614 614 614 696 696 696 1092 1092 1092 481 481 481 1062 1062 1062 613 613 613 480 480 480 894 894 894 864 864 864 981 981 981 696 696 696 480 480 480 803 803 803 864 864 864 803 803 803 480 480 480 864 864 864 894 894 894 110 110 110 408 408 408 1038 1038 1038 1130 1130 1130 1038 1038 1038 612 612 612 1060 1060 1060 1130 1130 1130 1060 1060 1060 26 26 26 1093 1093 1093 558 558 558 633 633 633 633 633 633 483 483 483 323 323 323 557 557 557 982 982 982 865 865 865 284 284 284 982 982 982 81 81 81 1094 1094 1094 482 482 482 634 634 634 482 482 482 284 284 284 596 596 596 26 26 26 1057 1057 1057 1130 1130 1130 1057 1057 1057 310 310 310 1131 1131 1131 1130 1130 1130 1131 1131 1131 408 408 408 1131 1131 1131 866 866 866 1146 1146 1146 1056 1056 1056 310 310 310 246 246 246 226 226 226 1055 1055 1055 1021 1021 1021 1055 1055 1055 226 226 226 1193 1193 1193 99 99 99 1140 1140 1140 1201 1201 1201 1140 1140 1140 309 309 309 1201 1201 1201 309 309 309 179 179 179 1212 1212 1212 144 144 144 1254 1254 1254 1212 1212 1212 383 383 383 1132 1132 1132 593 593 593 282 282 282 765 765 765 225 225 225 1162 1162 1162 1133 1133 1133 1251 1251 1251 485 485 485 1134 1134 1134 635 635 635 1023 1023 1023 1134 1134 1134 229 229 229 1134 1134 1134 112 112 112 1096 1096 1096 409 409 409 1135 1135 1135 1022 1022 1022 1135 1135 1135 283 283 283 745 745 745 325 325 325 636 636 636 228 228 228 487 487 487 1099 1099 1099 1098 1098 1098 1 1 1 1099 1099 1099 204 204 204 230 230 230 3 3 3 8 8 8 490 490 490 344 344 344 1100 1100 1100 638 638 638 735 735 735 1103 1103 1103 1176 1176 1176 372 372 372 373 373 373 1179 1179 1179 387 387 387 388 388 388 449 449 449 450 450 450 1136 1136 1136 881 881 881 512 512 512 513 513 513 1137 1137 1137 382 382 382 555 555 555 1068 1068 1068 270 270 270 402 402 402 1121 1121 1121 292 292 292 411 411 411 1138 1138 1138 923 923 923 509 509 509 799 799 799 1148 1148 1148 608 608 608 1139 1139 1139 465 465 465 837 837 837 100 100 100 1178 1178 1178 1137 1137 1137 880 880 880 1140 1140 1140 720 720 720 1141 1141 1141 183 183 183 360 360 360 183 183 183 1141 1141 1141 182 182 182 1142 1142 1142 206 206 206 370 370 370 206 206 206 1142 1142 1142 205 205 205 210 210 210 55 55 55 138 138 138 230 230 230 64 64 64 143 143 143 1143 1143 1143 390 390 390 895 895 895 906 906 906 257 257 257 140 140 140 756 756 756 1144 1144 1144 675 675 675 760 760 760 1145 1145 1145 676 676 676 1135 1135 1135 1147 1147 1147 1226 1226 1226 1045 1045 1045 1148 1148 1148 298 298 298 927 927 927 928 928 928 929 929 929 944 944 944 946 946 946 947 947 947 431 431 431 793 793 793 794 794 794 1149 1149 1149 957 957 957 528 528 528 447 447 447 1199 1199 1199 328 328 328 335 335 335 373 373 373 119 119 119 1150 1150 1150 461 461 461 336 336 336 341 341 341 472 472 472 474 474 474 552 552 552 1152 1152 1152 1181 1181 1181 344 344 344 388 388 388 129 129 129 1153 1153 1153 491 491 491 345 345 345 512 512 512 100 100 100 513 513 513 358 358 358 512 512 512 881 881 881 1077 1077 1077 1141 1141 1141 516 516 516 89 89 89 1154 1154 1154 72 72 72 363 363 363 192 192 192 521 521 521 524 524 524 195 195 195 194 194 194 537 537 537 1156 1156 1156 1011 1011 1011 1116 1116 1116 1142 1142 1142 539 539 539 96 96 96 1157 1157 1157 88 88 88 1014 1014 1014 544 544 544 545 545 545 100 100 100 1137 1137 1137 555 555 555 567 567 567 394 394 394 750 750 750 1160 1160 1160 1221 1221 1221 1183 1183 1183 354 354 354 155 155 155 1146 1146 1146 1161 1161 1161 284 284 284 81 81 81 596 596 596 1162 1162 1162 34 34 34 1162 1162 1162 596 596 596 595 595 595 1163 1163 1163 1046 1046 1046 419 419 419 1158 1158 1158 514 514 514 77 77 77 1183 1183 1183 991 991 991 950 950 950 1223 1223 1223 621 621 621 1164 1164 1164 307 307 307 1164 1164 1164 1073 1073 1073 54 54 54 1075 1075 1075 620 620 620 187 187 187 1197 1197 1197 107 107 107 1184 1184 1184 61 61 61 188 188 188 107 107 107 1166 1166 1166 320 320 320 320 320 320 1167 1167 1167 32 32 32 33 33 33 632 632 632 255 255 255 567 567 567 33 33 33 255 255 255 32 32 32 1168 1168 1168 254 254 254 254 254 254 1170 1170 1170 58 58 58 1171 1171 1171 139 139 139 58 58 58 810 810 810 1172 1172 1172 1251 1251 1251 1173 1173 1173 575 575 575 822 822 822 1194 1194 1194 62 62 62 451 451 451 1224 1224 1224 642 642 642 1175 1175 1175 312 312 312 1175 1175 1175 1113 1113 1113 69 69 69 1122 1122 1122 648 648 648 1176 1176 1176 460 460 460 1165 1165 1165 7 7 7 1165 1165 1165 460 460 460 54 54 54 620 620 620 121 121 121 552 552 552 860 860 860 1018 1018 1018 555 555 555 513 513 513 100 100 100 222 222 222 1178 1178 1178 311 311 311 226 226 226 592 592 592 1193 1193 1193 229 229 229 485 485 485 504 504 504 409 409 409 1147 1147 1147 1135 1135 1135 1179 1179 1179 490 490 490 1174 1174 1174 1 1 1 1174 1174 1174 490 490 490 69 69 69 648 648 648 131 131 131 395 395 395 906 906 906 673 673 673 914 914 914 677 677 677 1206 1206 1206 1039 1039 1039 679 679 679 408 408 408 684 684 684 1149 1149 1149 809 809 809 687 687 687 1180 1180 1180 688 688 688 465 465 465 1151 1151 1151 464 464 464 691 691 691 968 968 968 466 466 466 476 476 476 1181 1181 1181 695 695 695 1152 1152 1152 695 695 695 1181 1181 1181 709 709 709 354 354 354 993 993 993 808 808 808 728 728 728 528 528 528 531 531 531 732 732 732 1008 1008 1008 736 736 736 1014 1014 1014 545 545 545 552 552 552 1018 1018 1018 742 742 742 571 571 571 1182 1182 1182 397 397 397 1182 1182 1182 988 988 988 496 496 496 704 704 704 871 871 871 398 398 398 410 410 410 595 595 595 596 596 596 424 424 424 784 784 784 723 723 723 425 425 425 1183 1183 1183 950 950 950 590 590 590 787 787 787 614 614 614 431 431 431 794 794 794 1184 1184 1184 494 494 494 1184 1184 1184 794 794 794 817 817 817 1185 1185 1185 638 638 638 225 225 225 559 559 559 484 484 484 282 282 282 484 484 484 594 594 594 1162 1162 1162 1251 1251 1251 1172 1172 1172 1133 1133 1133 1162 1162 1162 595 595 595 868 868 868 485 485 485 635 635 635 227 227 227 486 486 486 560 560 560 228 228 228 384 384 384 1242 1242 1242 1186 1186 1186 571 571 571 397 397 397 914 914 914 407 407 407 915 915 915 1160 1160 1160 279 279 279 917 917 917 920 920 920 1146 1146 1146 155 155 155 1147 1147 1147 282 282 282 1226 1226 1226 1148 1148 1148 419 419 419 608 608 608 299 299 299 927 927 927 929 929 929 927 927 927 1187 1187 1187 928 928 928 929 929 929 876 876 876 1245 1245 1245 1187 1187 1187 927 927 927 772 772 772 712 712 712 168 168 168 930 930 930 712 712 712 897 897 897 240 240 240 1188 1188 1188 930 930 930 251 251 251 933 933 933 1253 1253 1253 934 934 934 1024 1024 1024 1253 1253 1253 1248 1248 1248 1207 1207 1207 65 65 65 1227 1227 1227 25 25 25 1189 1189 1189 262 262 262 940 940 940 1189 1189 1189 939 939 939 98 98 98 1190 1190 1190 308 308 308 945 945 945 1190 1190 1190 944 944 944 244 244 244 944 944 944 947 947 947 944 944 944 1190 1190 1190 946 946 946 311 311 311 784 784 784 785 785 785 430 430 430 321 321 321 190 190 190 432 432 432 189 189 189 259 259 259 298 298 298 1148 1148 1148 799 799 799 436 436 436 258 258 258 195 195 195 197 197 197 1149 1149 1149 528 528 528 1136 1136 1136 451 451 451 449 449 449 1139 1139 1139 1151 1151 1151 465 465 465 467 467 467 691 691 691 690 690 690 1152 1152 1152 552 552 552 220 220 220 310 310 310 1193 1193 1193 866 866 866 225 225 225 484 484 484 282 282 282 390 390 390 1143 1143 1143 239 239 239 747 747 747 239 239 239 1143 1143 1143 1155 1155 1155 751 751 751 60 60 60 1194 1194 1194 704 704 704 62 62 62 706 706 706 1236 1236 1236 501 501 501 928 928 928 1187 1187 1187 995 995 995 935 935 935 934 934 934 877 877 877 1253 1253 1253 93 93 93 997 997 997 938 938 938 176 176 176 998 998 998 777 777 777 879 879 879 177 177 177 947 947 947 946 946 946 880 880 880 1190 1190 1190 98 98 98 1001 1001 1001 946 946 946 1001 1001 1001 1219 1219 1219 1195 1195 1195 1002 1002 1002 108 108 108 517 517 517 190 190 190 189 189 189 522 522 522 363 363 363 521 521 521 1155 1155 1155 60 60 60 1003 1003 1003 438 438 438 524 524 524 194 194 194 664 664 664 197 197 197 728 728 728 125 125 125 550 550 550 551 551 551 220 220 220 742 742 742 671 671 671 222 222 222 556 556 556 381 381 381 227 227 227 560 560 560 1239 1239 1239 1248 1248 1248 1188 1188 1188 1024 1024 1024 25 25 25 1220 1220 1220 1189 1189 1189 941 941 941 244 244 244 1026 1026 1026 567 567 567 750 750 750 1198 1198 1198 1083 1083 1083 1198 1198 1198 750 750 750 906 906 906 1027 1027 1027 673 673 673 568 568 568 140 140 140 257 257 257 1029 1029 1029 1169 1169 1169 1205 1205 1205 569 569 569 259 259 259 258 258 258 495 495 495 1196 1196 1196 572 572 572 62 62 62 704 704 704 574 574 574 497 497 497 1194 1194 1194 758 758 758 1194 1194 1194 575 575 575 758 758 758 1173 1173 1173 910 910 910 758 758 758 576 576 576 400 400 400 689 689 689 400 400 400 576 576 576 759 759 759 762 762 762 76 76 76 706 706 706 501 501 501 1236 1236 1236 1213 1213 1213 277 277 277 1213 1213 1213 587 587 587 354 354 354 1146 1146 1146 866 866 866 283 283 283 1226 1226 1226 1225 1225 1225 435 435 435 417 417 417 606 606 606 169 169 169 1156 1156 1156 92 92 92 179 179 179 201 201 201 12 12 12 179 179 179 309 309 309 1219 1219 1219 1183 1183 1183 425 425 425 279 279 279 1063 1063 1063 590 590 590 614 614 614 616 616 616 1064 1064 1064 335 335 335 517 517 517 1197 1197 1197 430 430 430 188 188 188 1195 1195 1195 431 431 431 431 431 431 1195 1195 1195 630 630 630 631 631 631 1198 1198 1198 1083 1083 1083 431 431 431 1184 1184 1184 188 188 188 432 432 432 1166 1166 1166 517 517 517 1197 1197 1197 517 517 517 1166 1166 1166 569 569 569 1167 1167 1167 432 432 432 1166 1166 1166 432 432 432 1167 1167 1167 436 436 436 1168 1168 1168 569 569 569 1167 1167 1167 569 569 569 1168 1168 1168 524 524 524 1170 1170 1170 436 436 436 1168 1168 1168 436 436 436 1170 1170 1170 1090 1090 1090 300 300 300 1050 1050 1050 438 438 438 1171 1171 1171 524 524 524 1170 1170 1170 524 524 524 1171 1171 1171 1091 1091 1091 1052 1052 1052 438 438 438 1182 1182 1182 804 804 804 988 988 988 572 572 572 1196 1196 1196 808 808 808 1196 1196 1196 988 988 988 1006 1006 1006 1172 1172 1172 810 810 810 729 729 729 689 689 689 822 822 822 1199 1199 1199 966 966 966 1199 1199 1199 822 822 822 1136 1136 1136 450 450 450 1115 1115 1115 827 827 827 1156 1156 1156 537 537 537 1156 1156 1156 827 827 827 452 452 452 637 637 637 1100 1100 1100 344 344 344 460 460 460 1176 1176 1176 373 373 373 1195 1195 1195 464 464 464 630 630 630 1177 1177 1177 567 567 567 1198 1198 1198 567 567 567 1177 1177 1177 33 33 33 217 217 217 546 546 546 626 626 626 851 851 851 548 548 548 547 547 547 777 777 777 851 851 851 471 471 471 852 852 852 973 973 973 1127 1127 1127 589 589 589 1200 1200 1200 78 78 78 591 591 591 980 980 980 280 280 280 863 863 863 980 980 980 591 591 591 981 981 981 513 513 513 555 555 555 1192 1192 1192 1040 1040 1040 556 556 556 1131 1131 1131 1146 1146 1146 408 408 408 1201 1201 1201 309 309 309 224 224 224 224 224 224 309 309 309 1212 1212 1212 765 765 765 1132 1132 1132 225 225 225 229 229 229 504 504 504 80 80 80 283 283 283 1225 1225 1225 1242 1242 1242 490 490 490 1179 1179 1179 388 388 388 301 301 301 776 776 776 185 185 185 308 308 308 788 788 788 202 202 202 711 711 711 712 712 712 240 240 240 573 573 573 443 443 443 1095 1095 1095 1181 1181 1181 1203 1203 1203 860 860 860 863 863 863 591 591 591 1204 1204 1204 407 407 407 1206 1206 1206 278 278 278 1217 1217 1217 1079 1079 1079 427 427 427 271 271 271 163 163 163 428 428 428 1157 1157 1157 1208 1208 1208 456 456 456 293 293 293 175 175 175 457 457 457 1012 1012 1012 1013 1013 1013 377 377 377 1068 1068 1068 1231 1231 1231 581 581 581 1121 1121 1121 1232 1232 1232 600 600 600 1211 1211 1211 430 430 430 1197 1197 1197 187 187 187 1211 1211 1211 1197 1197 1197 396 396 396 1205 1205 1205 1084 1084 1084 139 139 139 438 438 438 1052 1052 1052 112 112 112 636 636 636 815 815 815 636 636 636 325 325 325 816 816 816 1255 1255 1255 1067 1067 1067 725 725 725 655 655 655 375 375 375 122 122 122 1215 1215 1215 849 849 849 547 547 547 277 277 277 474 474 474 588 588 588 12 12 12 1212 1212 1212 179 179 179 657 657 657 385 385 385 126 126 126 1256 1256 1256 1103 1103 1103 735 735 735 713 713 713 711 711 711 240 240 240 717 717 717 245 245 245 718 718 718 543 543 543 1012 1012 1012 377 377 377 745 745 745 1242 1242 1242 384 384 384 1202 1202 1202 570 570 570 1042 1042 1042 629 629 629 1165 1165 1165 186 186 186 815 815 815 636 636 636 816 816 816 1222 1222 1222 1104 1104 1104 445 445 445 1214 1214 1214 835 835 835 340 340 340 670 670 670 1215 1215 1215 669 669 669 744 744 744 1216 1216 1216 1132 1132 1132 228 228 228 636 636 636 384 384 384 1210 1210 1210 904 904 904 248 248 248 1221 1221 1221 1160 1160 1160 678 678 678 89 89 89 1217 1217 1217 1154 1154 1154 96 96 96 1208 1208 1208 1157 1157 1157 177 177 177 943 943 943 548 548 548 1209 1209 1209 511 511 511 359 359 359 1129 1129 1129 318 318 318 469 469 469 1192 1192 1192 311 311 311 785 785 785 994 994 994 154 154 154 1041 1041 1041 262 262 262 1227 1227 1227 65 65 65 880 880 880 946 946 946 1219 1219 1219 669 669 669 1215 1215 1215 740 740 740 740 740 740 1215 1215 1215 547 547 547 308 308 308 1220 1220 1220 25 25 25 347 347 347 140 140 140 568 568 568 1063 1063 1063 1202 1202 1202 1042 1042 1042 757 757 757 1032 1032 1032 63 63 63 1203 1203 1203 406 406 406 586 586 586 914 914 914 1213 1213 1213 277 277 277 1206 1206 1206 1037 1037 1037 278 278 278 1221 1221 1221 152 152 152 502 502 502 1204 1204 1204 591 591 591 590 590 590 80 80 80 994 994 994 1041 1041 1041 921 921 921 867 867 867 1133 1133 1133 300 300 300 800 800 800 1243 1243 1243 935 935 935 775 775 775 898 898 898 936 936 936 302 302 302 171 171 171 1154 1154 1154 1217 1217 1217 427 427 427 1246 1246 1246 443 443 443 573 573 573 443 443 443 956 956 956 1095 1095 1095 531 531 531 1008 1008 1008 1222 1222 1222 818 818 818 1222 1222 1222 1008 1008 1008 1118 1118 1118 1208 1208 1208 330 330 330 1203 1203 1203 586 586 586 860 860 860 894 894 894 981 981 981 555 555 555 224 224 224 1212 1212 1212 1254 1254 1254 144 144 144 1212 1212 1212 12 12 12 1223 1223 1223 337 337 337 316 316 316 1224 1224 1224 346 346 346 334 334 334 375 375 375 55 55 55 210 210 210 385 385 385 64 64 64 230 230 230 1223 1223 1223 1164 1164 1164 337 337 337 1224 1224 1224 1175 1175 1175 346 346 346 1221 1221 1221 502 502 502 1183 1183 1183 1177 1177 1177 844 844 844 738 738 738 914 914 914 1206 1206 1206 407 407 407 1216 1216 1216 1254 1254 1254 559 559 559 486 486 486 1225 1225 1225 594 594 594 1219 1219 1219 1140 1140 1140 880 880 880 1132 1132 1132 1216 1216 1216 225 225 225 228 228 228 1242 1242 1242 227 227 227 1135 1135 1135 1226 1226 1226 283 283 283 712 712 712 930 930 930 931 931 931 937 937 937 1207 1207 1207 1227 1227 1227 1225 1225 1225 486 486 486 227 227 227 938 938 938 1227 1227 1227 940 940 940 1219 1219 1219 1001 1001 1001 179 179 179 1230 1230 1230 1155 1155 1155 1003 1003 1003 224 224 224 1254 1254 1254 1216 1216 1216 225 225 225 1216 1216 1216 559 559 559 1220 1220 1220 941 941 941 1189 1189 1189 941 941 941 1220 1220 1220 945 945 945 706 706 706 76 76 76 1236 1236 1236 677 677 677 277 277 277 588 588 588 282 282 282 594 594 594 1226 1226 1226 1225 1225 1225 1226 1226 1226 594 594 594 1219 1219 1219 309 309 309 1140 1140 1140 1042 1042 1042 1204 1204 1204 1063 1063 1063 1204 1204 1204 1042 1042 1042 863 863 863 1201 1201 1201 224 224 224 744 744 744 283 283 283 1242 1242 1242 745 745 745 6 6 6 1165 1165 1165 629 629 629 158 158 158 1174 1174 1174 647 647 647 697 697 697 48 48 48 771 771 771 1228 1228 1228 371 371 371 541 541 541 1229 1229 1229 386 386 386 562 562 562 701 701 701 750 750 750 493 493 493 362 362 362 192 192 192 363 363 363 1231 1231 1231 1255 1255 1255 40 40 40 937 937 937 850 850 850 1053 1053 1053 1232 1232 1232 1256 1256 1256 46 46 46 59 59 59 1027 1027 1027 493 493 493 1198 1198 1198 1250 1250 1250 1177 1177 1177 912 912 912 1235 1235 1235 1035 1035 1035 587 587 587 692 692 692 973 973 973 1237 1237 1237 854 854 854 1036 1036 1036 1233 1233 1233 629 629 629 186 186 186 1234 1234 1234 647 647 647 203 203 203 14 14 14 145 145 145 403 403 403 17 17 17 159 159 159 412 412 412 191 191 191 1244 1244 1244 518 518 518 801 801 801 802 802 802 1092 1092 1092 1252 1252 1252 1241 1241 1241 467 467 467 1250 1250 1250 844 844 844 1177 1177 1177 1235 1235 1235 845 845 845 1035 1035 1035 487 487 487 1239 1239 1239 560 560 560 878 878 878 176 176 176 719 719 719 717 717 717 719 719 719 176 176 176 195 195 195 1230 1230 1230 194 194 194 1239 1239 1239 487 487 487 325 325 325 993 993 993 994 994 994 710 710 710 1240 1240 1240 191 191 191 518 518 518 301 301 301 1024 1024 1024 20 20 20 717 717 717 176 176 176 1026 1026 1026 1159 1159 1159 916 916 916 919 919 919 1069 1069 1069 1231 1231 1231 1068 1068 1068 1240 1240 1240 109 109 109 191 191 191 801 801 801 1092 1092 1092 441 441 441 1106 1106 1106 1232 1232 1232 1121 1121 1121 839 839 839 1070 1070 1070 1252 1252 1252 1252 1252 1252 315 315 315 1241 1241 1241 631 631 631 1250 1250 1250 1198 1198 1198 933 933 933 934 934 934 935 935 935 145 145 145 146 146 146 403 403 403 159 159 159 160 160 160 412 412 412 1024 1024 1024 1188 1188 1188 20 20 20 241 241 241 933 933 933 935 935 935 1242 1242 1242 1225 1225 1225 227 227 227 227 227 227 1239 1239 1239 228 228 228 697 697 697 771 771 771 996 996 996 1236 1236 1236 76 76 76 692 692 692 277 277 277 587 587 587 852 852 852 364 364 364 362 362 362 363 363 363 1243 1243 1243 800 800 800 1049 1049 1049 718 718 718 245 245 245 1000 1000 1000 1207 1207 1207 937 937 937 1053 1053 1053 515 515 515 54 54 54 542 542 542 538 538 538 69 69 69 563 563 563 1241 1241 1241 1071 1071 1071 968 968 968 67 67 67 559 559 559 1254 1254 1254 103 103 103 1255 1255 1255 1231 1231 1231 113 113 113 1256 1256 1256 1232 1232 1232 67 67 67 1254 1254 1254 144 144 144 611 611 611 149 149 149 150 150 150 615 615 615 156 156 156 157 157 157 1244 1244 1244 520 520 520 362 362 362 307 307 307 28 28 28 145 145 145 312 312 312 35 35 35 159 159 159 1068 1068 1068 402 402 402 618 618 618 107 107 107 253 253 253 106 106 106 117 117 117 264 264 264 116 116 116 1121 1121 1121 411 411 411 639 639 639 399 399 399 1246 1246 1246 756 756 756 414 414 414 89 89 89 500 500 500 420 420 420 96 96 96 506 506 506 998 998 998 1247 1247 1247 938 938 938 1072 1072 1072 146 146 146 145 145 145 414 414 414 500 500 500 604 604 604 1109 1109 1109 160 160 160 159 159 159 420 420 420 506 506 506 610 610 610 1244 1244 1244 191 191 191 519 519 519 931 931 931 1248 1248 1248 241 241 241 933 933 933 241 241 241 1248 1248 1248 910 910 910 1249 1249 1249 758 758 758 1250 1250 1250 971 971 971 844 844 844 868 868 868 1251 1251 1251 1133 1133 1133 1244 1244 1244 362 362 362 364 364 364 647 647 647 1 1 1 203 203 203 711 711 711 1245 1245 1245 876 876 876 168 168 168 711 711 711 876 876 876 957 957 957 684 684 684 443 443 443 112 112 112 686 686 686 1096 1096 1096 132 132 132 49 49 49 983 983 983 872 872 872 1249 1249 1249 757 757 757 1238 1238 1238 1000 1000 1000 52 52 52 738 738 738 737 737 737 33 33 33 705 705 705 872 872 872 757 757 757 401 401 401 767 767 767 1032 1032 1032 936 936 936 184 184 184 10 10 10 621 621 621 1073 1073 1073 1164 1164 1164 642 642 642 1113 1113 1113 1175 1175 1175 704 704 704 398 398 398 574 574 574 1248 1248 1248 1253 1253 1253 933 933 933 1072 1072 1072 145 145 145 28 28 28 1109 1109 1109 159 159 159 35 35 35 839 839 839 1252 1252 1252 544 544 544 1129 1129 1129 469 469 469 471 471 471 1177 1177 1177 738 738 738 33 33 33 631 631 631 793 793 793 842 842 842 1253 1253 1253 1024 1024 1024 301 301 301 6 6 6 629 629 629 151 151 151 0 0 0 1174 1174 1174 158 158 158 1236 1236 1236 692 692 692 587 587 587 1246 1246 1246 957 957 957 443 443 443 936 936 936 10 10 10 1052 1052 1052 251 251 251 995 995 995 1187 1187 1187 622 622 622 54 54 54 515 515 515 649 649 649 69 69 69 538 538 538 265 265 265 484 484 484 559 559 559 38 38 38 594 594 594 484 484 484 332 332 332 486 486 486 594 594 594 117 117 117 560 560 560 486 486 486 204 204 204 487 487 487 560 560 560 1255 1255 1255 103 103 103 1067 1067 1067 1256 1256 1256 113 113 113 1103 1103 1103 251 251 251 1187 1187 1187 56 56 56 265 265 265 559 559 559 67 67 67 38 38 38 484 484 484 265 265 265 332 332 332 594 594 594 38 38 38 117 117 117 486 486 486 332 332 332 204 204 204 560 560 560 117 117 117</p>
        </triangles>
      </mesh>
    </geometry>
  </library_geometries>
  <library_materials>
    <material id="e6268641263b44c692c4c5e9c453a93d" name="defaultmaterial">
      <instance_effect url="#17700c2e317a42dbbf36a59666ba870a"/>
    </material>
  </library_materials>
  <library_visual_scenes>
    <visual_scene id="scene">
      <node id="node0" name="node0">
        <instance_geometry url="#2e94ec7478e54508ab74c88aee7c87a6">
          <bind_material>
            <technique_common>
              <instance_material symbol="material0" target="#e6268641263b44c692c4c5e9c453a93d"/>
            </technique_common>
          </bind_material>
        </instance_geometry>
      </node>
    </visual_scene>
  </library_visual_scenes>
  <scene>
    <instance_visual_scene url="#scene"/>
  </scene>
</COLLADA>
